test_case,lane_0,lane_1,lane_2,lane_3,lane_4,lane_5,lane_6,lane_7,lane_8,lane_9,lane_10,lane_11,lane_12,lane_13,lane_14,lane_15,lane_16,lane_17,lane_18,lane_19,lane_20,lane_21,lane_22,lane_23
0,0x0x5267F91E8A2D9078E81BA40D63BFAA4ABA7329D0465ABF62DC6F4C566771986F,0x0x5FD01EC7C117D0D2568EEF05D7C5AF08B81642C549CEE3F313059B437CE9F257,0x0x6D751405D29AD2E379187420F3413E3E3268FE6E86F8AA8F8710C83FEAF2EF52,0x0x10ED8E311F3EEB09D00F9FE42E5EF23458DDA90BC8E6D298593251BCF61025B8,0x0x2E36D67F512982D419431FDC38FBECBE1BE05D33693EEA4E2176406EF90150BA,0x0x4C79D4EFD42706F3541A942C26DDA0B0C6596E9E417D4F16F668FEE4605155EA,0x0x378BE8F229C8DE6CF7DF5B02B2B518B9541983789110FE9ED2443EEB614088F9,0x0x5775E016DBC66A1471C3D35BA5A6B7B0371659237443EBB4AF29A914ECC7BF08,0x0x4FA2FE3061B00A5EFC7BB20D28EE39EEF4C9709D5986D2655DA4811880950578,0x0x27F5041EB2E5FBBAF431ABF575800576D17CC80D1EAC651F8FFAFF30CA555272,0x0x50349A138F2AEA94B4004B77F453AAD229B3FC7AEA6669565DC8F5A0C0D5079C,0x0x726D1A5B2CC50D8916A094876D1C651111168B8BA47B2D40615B991988F22BD3,0x0x16E907CC13C6F16C4429290F5A2B0F093C113DEE54D2FB22098FB180829F27A1,0x0x54981390F36CC7D0C51E3949F9D6D1490A23E751A4787721192A6195B662B047,0x0x5464213A8C83DA3EDD5634B3E971D23B93AF6BFDA4C7A8B0424F77E497DA236A,0x0x586170815FB7B83C9D5A975993F6037C6CAA4EA6AE409ED13B827D64B0DF830C,0x0x01A840EC482A6C10DCB62EB513FBC6E2E4533C5FF5A62B0AE95152C60510568,0x0x5D194C4D65E2D4EEFA24E0BCAEBA5917746CFEDF9E46241A8EDA985EF511540E,0x0x249963CEC753AA59D7A0800FBDDE9EFD0F98C2B1AA5638B9BD31A7E4E8EDC380,0x0x3EBD6D7554EB75C359B9A5B5E7DA073A1105DEEC87C865ACD2E9AFAC66F0ED05,0x0x63DA4AF6BEC0743AB91A57D96A7C648478DBF01F88F98855B2905116F6F7A67F,0x0x14EBF256722E6A83F2C6A2D08037892FA3C470815515035CE753072FA6DD4DAF,0x0x2B4FC5AD47C6CA5D2A9E25235F82C065530AB43C4BC6D9B057BD1919E8FD8CDC,0x0x318A03A9CB7CC25B98F7E070D40D2BF00CCF59A53F456A570499CBAD0D8C5C9E
1,0x0x701F8388C414FE7760052511C0E737A77EA737D9EA102542571C38D202DF62DB,0x0x56FA79D35A88E150968CB804A1FD50FA070662862EB435618E735D7607EFA36D,0x0x15224E17257A1719FB3EC6DA9822AE44CB39B2522C36D50BF8ECA96C8B1E871B,0x0x5E81755C819EEDED2D3498AB595CA730430C0216868C13A6C01EE502696DDE3F,0x0x40AF396D5083E774AE8EE5DD95FA11C3ADD585924669CE7DCBE9B6C3EBEC8717,0x0x59870531E72B64EB457FA3D82CDE179384DA0BBAD7BDD23E2DAEAFC6C2C3700D,0x0x614AAB24585D6767957250450DE7902F1992AE283604CF55B0D47434E4E60206,0x0x18D0B3A783D007240478E526AEF93648297DCDFC65CFAEC16D371B91F6FA24D6,0x0x1D801F350C65710D899F9D1FCF262674E402425FD122B525E302D3AF25C94B42,0x0x2041A5DEFB1916419D063E18F57653DB86848D1B6321A6327C8E8A60FFEBC93D,0x0x340C0C45C36B1FCC9245F64BA214008C05C00148E171130B2FD9C9F4EE1480B6,0x0x1AFAB06348D5A4EF7B96E302F84D3A8F885A089AC6B73F279D370AFEBB94C25B,0x0x5F7AAF82110FA153FC5C60890C9C9D177F503D063D0787D69E7D3F155FD7AD19,0x0x10E79380814A24F341B9CB583F3BD1785FFAA4254A08117828685E696569D921,0x0x20F4C3BEB24FF61ABEE32604F24116EB001DD6BF26530246A3DC8B6EC542EE6B,0x0x22183BDF46A30D963BE528FDE024C080FAE3918FB50E10C5373AFA151B5BBB52,0x0x0C9CF61A4EBFB1B89A0F9770A096D95FE8EA326CF4F0BB170C498AB9C278048C,0x0x6DC977719EB5AF1E57F415D150101900A2262D3873DB12D701A8E9E60351F729,0x0x64F6C6D45694E646A538D5B0E434E941CF16249AED7E817A6C7CDC024F493AD8,0x0x28B82A6739304F510BBF10AF49B4AB7AFD937DF37851AABDB81C63B3AEA7B16B,0x0x2D1926698298850A10BD25FD8EB2BF7357DB95957917AEDADA26BE15CA14F897,0x0x5D0DAAFC3F5F0761511C7EF911B189342A70AA03248DBA305DB971AEDD7E68B2,0x0x44FDDA1C29EC46EB5ACC2140E26975B730165965CFB4BF44E20307B4893E86BB,0x0x0F538EAF786075538A2D82B6E9160340984949ED9D995678E3AE6B893702F5D0
2,0x0x6451947E2C1033FE478854ACED67D58941C79A7E412CF5C51C641300F2F4B48F,0x0x245E18E8BA78C8E5D63F6E659FB8A2D98ACD6781080A32E1440033B995E16970,0x0x4FFB90388F9957022EF1AB9CB142BB430CD2D76DD302AAE99658DC0C30E95768,0x0x5D3D788473F78EF0080351DA2231049259B449ECA4146725C7879E295840DC54,0x0x0DE860F47632306B843F1A090E007105009C011131681A19D8881993B2949149,0x0x58DB3DB09FB8AA88F229824798C6AB102B5FE929D1232F12B91D58CD09FF0DEF,0x0x51FB6EB5820C89421F9C9F7C7F1AA33F6FE8C63D868C348E0D86A6632C315764,0x0x1DE5D8F04A2D5E47008C18B8F4AAA9854EDCA4FC6B1E2F7743CB09149E1337A4,0x0x29087FD620D0FEB4F1EBA512A91EB747B41B7962BDA538AB0B42CCC972AA0C58,0x0x1651F8A47423349F7AD729A3E68CDF26E8C19F366F822593B96F78E9ACE08B75,0x0x20BF5AC754D971A4D04328F0B063917CDEABD9957579B0F524FF3979B05238FA,0x0x069A34ABAB807C1DF8D0054F5199103743D276B135A5F8AFF958FDA232E914D,0x0x3391CB4EED61FC1F820C667558D1AC2B408F1F8D78C0803CAE5DB4A21176D062,0x0x10E5F87DEA281CA9521E226049B0CBCCADDD5B5FC415F75CA6C46E7A1AFBD7D0,0x0x56C8A93984633AF97F196C38AF14CB3BDDC5C2C56B7C96AF4F8A3C9513DC6C0D,0x0x106853029BBB4149F611613E8C814556F470CD3580B3C2B6F38D9C80B7B6DBB3,0x0x268012F71821599911B94C375681BD8189A64AD9041DD01F478615791CA9519D,0x0x38CB7CFECED77BCB92199B8955689CE1F2891A45F6B06B61C24C4B9C4EFD720B,0x0x72A9C97344678B157D5DF898D78AE9F813EA94333B2B0E25389D63A16BD6FECF,0x0x706C4FE2A7B1C97A0D8B5090ABAD7EA9C24937143E670C5A0A6D6F8197A3EAA5,0x0x16F3D4B331A41264A704C044509F2FB89164349F4CE28857DB5FF7BF129CB462,0x0x6FC5129B4BB764ADC3A6C26705F4F4E0658630AB094672708642349E32FF9CB2,0x0x14BCCE6940B49250BEF5979E1E2CCCD6DF03F4924FB01D9494D8FE0F43177074,0x0x5105B5669FD8BE5A1E4FBE89BAC9A8E4F8F906E49EAF2661915E47021EE82F1D
3,0x0x446B201C3FDC42B2A9DF093DB09AA50B6F60869DE90B85CCEC42A912FE884CF8,0x0x3458D5AD36114507AC2A2D6B60B9633B8A773BBF7BE333AD40EDAED9270C14EE,0x0x11049E53EFA52499F3D35D9CDA1745544A113BCC93A5E2B6AD69E37BFFDF509B,0x0x6951C06B69898362D2822E3DD7591C91AFA15886997A616A950BE44F655D5B69,0x0x71603BFDA84152766798B08428A065C322138CC3ACD733E1EE32AD69FB5C99FE,0x0x514BD4E9CFDD1C80B18469D6DAF2FA3EF6A1CB4E306EA59E11AAB45E1D836DAA,0x0x05EE322648E2CE67AB72C80DF625FF81F7B1C9951AC313DC36BE89213753DF8C,0x0x344DBF1A4C8D545BC160E8D4E82EB5B253C75B9705CBC0DE9EDACA346E748991,0x0x0E45A786B0980830A5AEB9421F2A2A56EAAEE16A826CF4E22003F830A691D0DC,0x0x01A98A19CD4A84C0F627E48BAC368CD9D011D338F22B6F3F257944672E6C515D,0x0x09EE7E3CBD8E3912DC2421DEF774E7B205AF988AD55020A118789099F1F90213,0x0x226136D565E871EBCC8B8433DC5EBA8A3EE6E52503DE818D84324515466F44B0,0x0x6DEBF6D126207C8C65EE92AA46F18952CEB94C3B54B27E3EBB37B20B8533B81F,0x0x6F310E00CCB2B4F8671F373A0505875CB638BCA39102E9517D272639708CE703,0x0x5E5903AC23B3C903CFDB9AD336647511C742A7F70EC52A6D7AF4D8BA0C7A794A,0x0x5D14755F83218A750496CB731F3EBFAEFD5EAA27F2328EB9B546BEE525731D29,0x0x2A882B254FE644109337CDB42E4813951CEACD4EBB2233BD0A3957D0D2EF9C07,0x0x52B578F62CC63CDC07ED67C422ED3A01A02A3BDC94AB90E6B3E3390C75ED8F9D,0x0x249D3BE53D41C31E873BF82A7E69A25ACB7221A170EEBE3B0ABDDF2187F1BF46,0x0x2291FFC4EEDABE68282771A390BD69D813CC8C7CDAB2096F594FDB63B3A314F4,0x0x49E43071F5F94C36C42DE5CEC0F3F6CAEEC4348CF0C3A2AAB346341C72844CFE,0x0x4779D11A53682992D7EA9BD471ED78745218E8393CF8F7BC2BE72B6D24387CD4,0x0x6AE33725077AF8D57C01EAA5CCD1AF4EC0D83B1399D49462FD4270938F692C40,0x0x256794BFF7CA9E1170526AD17631D2971D3C1E081BEED14CFFB430280C4F49D2
4,0x0x3FFE9BB662F88B0F1CD64EBCE5DED0CA147296E8FF1B118F54901800F94CE1FC,0x0x3CE434658B32CBC1C35411D97CD13A7ED41B81E68B936E4021E8DEEF6ACA93FB,0x0x240D002B545E2245EF0FCF27A9DD0FE3566C196DEE7A92801FF4E175DCB2A53F,0x0x532581F4AF9024ABBE0346E627C66C9C2BE60E9A95292F9C5BD751FB17C97155,0x0x1BE2B0E26E0CD308594E3FD1C6F4F6CBE3E1271513170FFB9AAA59A0019A3A4D,0x0x16E673F881E6F339A7B274100BE766EC2FE0FE70FF4737D8ED332E17568B200A,0x0x1102CE1C8AC74A3331A0D71B2B0E0F55EB185EF39B418533C8084980DE5A0F05,0x0x3672D6204AB983E73BE53E047DE54716D606D292248B01BE220E3BA5AB4DCF54,0x0x680729FA2AC2D250568C626AFB0C4F2D2B88AC660E134A8B085387C4DB98F77A,0x0x6ABCB9030976301B6EB82994FB2073CA180DF05172B95736FF61A40730845575,0x0x483E39970795223393DB2423DF619CBAFF5F351DA388906ABC5070B48E6B7523,0x0x6C581717413B9D3F70ED65D85384FC6D3CCCBBDF782E812F62B719527690D37D,0x0x581DFB9F277DC1EC01B2C31FCC80452036ECA32D51B33718D30E8E039E915ACA,0x0x22A6B0E4230D12FB67D0744239014F761C5423DDEFF575B7EEDAE54A82775DC2,0x0x0F12E46CAA733B8638F24661905F347AD941D7A2C91FFA600E3C95FBD9EA92CC,0x0x5548B233B93C3EEDA92362C31129492A85979945B7C7F3E209AEAC110FEA6684,0x0x0FCAC4A0D3144E0FD4DB73C9457E515AAF746FB62AB77C94E8D3B5FFE3B89EE9,0x0x4E5CA5BCB2CC7453EB305A3ED27082C6ECA080245566F02552A8A561942EC599,0x0x2C5B378AF592E3AC972C470DB8AA3003EEC330ECD0F2F98DF8C6F9ABD4391954,0x0x64D089A1DDE2EB30EDC9CCF2D4CEAEF2B21576280456998E474246FE5DF494B6,0x0x2AB2AF5F1B92C518AA89655499F8EB1D891747A16FF971D5DFF6BBCA69E59AAC,0x0x32C9592500DE1B235B0910C2692A7346F0903D0DCC4EE144B6F01A041725A88F,0x0x33C41DFBEC440570F3E57533F489CE83B9FEDE3FCA46548849E8D19F1373E8DB,0x0x6B0BAF05D91C624461EE8553C59AC41DF99ACFC4CEAFB785C9C0C564C1B40645
5,0x0x233EAEF5915D50674F2455D4C391FF356F7297F06BAC3FA21144BFF3A3506365,0x0x5C017B9941E0E349AC85B65AF47F4BAFFD9150A373A715DFE9B57018313BB758,0x0x31D655D4FDF5CBA4E442E5C3D08C156578C595328474AEB832EE5A877DAD7FB8,0x0x0FFA14FFA5235D49D916D4992D920D3685778E12A4BC3CF514B3B688885ECB5C,0x0x1C8E4769ED1F34F2EB91F6FECC472B5FE0E2460DAEC1197D5E67201C802ED919,0x0x6316AB094C94A96669C5CF37AAC3A90C86E5D04C17A8BC5B988E3FC32B82BEA5,0x0x4CE8A913D0EF4F55B70BF0B47DC5D93054A240108487BAAF3264C16C52893A59,0x0x609AFFA81EBDA7CC9C3AB439A988360A0206545D43E41072C0CE1D0767689F05,0x0x27A99CBBEE08EF025A174C56E886D336696CB96763F60DFD49B7A55620730612,0x0x0774EF759BEE3B655591B37CEFA032FA60D0D752F9FF97D024EA3BD8E52D62C5,0x0x401350F3F257B48778191C37F15EC6FFCB10E837FCFB005370CAE75683D5B676,0x0x71C76DC824E37B76FFC23CEBCED1020D92FE22DD567401CDF0A09D911A36E973,0x0x69A1C109A0CD1CCE202EDB952638B0806C5F08F62BCA86F284D4E92F3EE256F8,0x0x16EF4C41E4CB4E513C2D651468E3B60517F803504DAAD7649954562EAE554419,0x0x0DCF594C1A9FDC925E79AC35AEF2B424C86C76D75FA2CEE1EFBA0E9C1B9A65F4,0x0x4E9AED11B432F42312C70A1C697B75723B868DF0BFFB2C0231CA3532A4D24411,0x0x246B296276BFD743DFCDF5B113EE75D052C334BB5C1A23A6CFEE4DDB3B1AA735,0x0x31DA9B4FBD6ABCD2B236A0491DDA64C39C0B322BF24483137C05D8982551127E,0x0x103DB6610404E923E05CC97449308458EBE3842B63545B65691A08C31C9746E9,0x0x2002E8434278C65FD059D1A07C1512BF4854EC5037538CC2DD3066FA2B7BEE1A,0x0x0E3C4657DA7D3FD4D7FFF1C536DC64F59C24E84017F9D2D6D95980AECA2C1FF9,0x0x21170C43ECC048026F1BB47A84579BB832B09578D2A0F8716742C35DC1571CB2,0x0x30FE57E96E82E2D1A2261B07AD54833540D49D0D11BE9FBE1A5EDB56764BF2F6,0x0x07589D106B087E1A086936E60580A83D9790651202F236F91DE4072F5F8765E3
6,0x0x630D1DEE329EED627C80FBA1031D2E7A2318DD2A1E7DB3F4CC96BE49F7F15DF2,0x0x5A188644A12979B07F160537F484F577A71F4287A1D179BC2C5C027DF450E01A,0x0x0858D1D696B387B32A12966670E8C13B8415F259EC8FD2E47079505123131041,0x0x591E4D1D56C1D8B5120F620A6C9685270B2788D2E4E7B7DAFF808CD7FA61B18E,0x0x30E0C36F7887E0D46AB99FB472AC48EB2BDA7D98800A0ABC2FBD3F3FBEC5EC19,0x0x25E00165780AC291DD95D0E4E64AF756CE47F5989B1C0694E30A32D3782CAE4E,0x0x70BA927F3ABF5650ABB5A8E684B8CDCD9FEFEB91B144408C8DCB9AC9D001E9CA,0x0x065081E9EBC75B73162E0D4FBB5A0A1E8B7845F2EA95CC66DEFCAC35C2084750,0x0x5FCA7332A3702B3B0998E3935F51DEAFC0BE0F25392387FD2D832B90E6CF74D3,0x0x4ADF1CBA8809D32D522D5430AC55E90CD5D74BB7C360AB02B99FDAD5A529A50A,0x0x622018B79B284C28394371B00189B972780EE23E53F052E7F60C82F195FBD01C,0x0x70E4A17CFD652E64F1D307E6AB629C387EEC6227DDAC59A62EF39B8BDF2F1079,0x0x34078FE27C4681C1E836EB4DC17C08DD74E57CA78B1B6B6A6033914B55EC03D7,0x0x44088DC8C8477F6021EA33E19DAE1DE01C1848D01318C5EB06CF3B395EB89570,0x0x0A7C50973E41160A4596A216306201A019BD912F9614DDA85B5EFC1F5E1C2805,0x0x2366E1A9A89D6F3555925D2314E648D783A7C33179806FE1554FF31B705F0E93,0x0x68A52EF99491586E2B847F84B8CEA3DE081C93FAF9762ADE76D2948BB5C527C1,0x0x55A8990E8C5F826A5F9F4E520634D6445C11B83630000A8B3A48E288D6F14D6B,0x0x226DD04C9A7E78D4A7655B3F71919EFB626F7AB14568A5207BF360E4EC7052FF,0x0x72566E932A9A070ADD3821DB69D7CD0127E98A83BB34B9504531E55C77666438,0x0x21382E90AFD9D82E6362780A58F66F61854800BB18761E8180DC544738BEE4A1,0x0x54AB8025808867EF1DA9671904DF056D225F897638B8E3C41CD90BE21CB5AA19,0x0x287AA3574D2DEA0AFFBC3FB66220239B090A4F595E13EBE77D2B88B0BCD975C4,0x0x0695AAEEC68F37CA5A40D17A16853BC5202927881D469BB6C4275CBC0302F1D4
7,0x0x37F7697C88CF6B34368243E36C1579590AFA0F90A14202713769F30F9EB65AE0,0x0x59BFFA849C53C572ACC73ADC0B2FA979C94900644EF8759F9E9EE27BA1411928,0x0x1D43636D5871735E67099C9D7072175991442E7392C15318B8DDE1E052B70728,0x0x70F0AEA6256E89614AE412F3E36235E39EA4542DB1B185B91CF92F1C93992FD3,0x0x2F4900338439BAB03F211E6508A111103A39339564EC40BEA7A5C84E5B43A99E,0x0x6889A1009C60D86FF76A8DE27A68F62B96B70E697A2CA3F94A0D491009BE736A,0x0x28565564286FA95C2D58055D2C0945BE196E9B0ED66E11AAF402CCC758DCFC38,0x0x19FB1B954C45093975B750479BEA65AA914858A11FF0BE8C1A8B9727A5B174D5,0x0x271960A0AD9B48B95BA38FF135FCF1914263D58A008EE51CA0C199C14C3191E4,0x0x45CFB69D6BA119BBEC20B49003B1BF1AB985F3221F04FD4CFF91149004968815,0x0x0536A48EB823643A18510A389BFCBC1C15D9D3EDCF55F3A0781418101CC18ACA,0x0x5115164F9E04F7F51ACE3D0D66ED7AB47666731296C2B6739A784E4752E406F4,0x0x36523202662C7C43136EEA06500A30E3CE881F2D8F6F6C03C57C0199304B6780,0x0x2C9EFE79060377CE9A14DD0FDEF4CF91E21E5EE260AD3F56C0D5A283E85AD52D,0x0x56B70C8B6E46D05E2A407E4C67F6C81B8CB4B835071122A08102BBF97A298095,0x0x30F5F7ACC3456C3DA68CD05211ADA63BAAC48E19E57AB25513F75D702619C1C5,0x0x54E3D19E1D6C6DCB76BA5034EC722ABF6B9DF7B3A605021B8B4809E6604D72AF,0x0x5D9CBE7CAF64CC794FFC1BFE0F6AE69D2FC0028A57680150E7DDD9C18C59CE58,0x0x6BEE9BDB7EF86DF95FBB383F52E05ED6FD1742701F606EA0DCD8F923CE75E621,0x0x205B51A7D02FDFBE41E668F1C56B561EB74696C46C70B24E9EB762AD96697D03,0x0x3F8D09FA18849996D0EC5294526E32C11003B12CD00E24D083DC5ABFBB793BC1,0x0x651935E768894E2F2E6982C142808D1146BBC9C2EB78A701B9E1F7C0C124A737,0x0x1A307AF4E834ED3BA1BF7525A8AEA285629526A51DA5A0B5FACF126BE8676739,0x0x49424A7F85A8E33FA6375DA7F038884EE2CF8545F66BD212ADD84182E6C6FEE6
8,0x0x5E4E9B07B1D714C4AC3E04045EA76F0ED587EC85294E509543483542DA543D41,0x0x3FA29F3D026D4330DFEB1C0DAC81739E8FD2D84E167B2A101C264AEAC2671D35,0x0x6828F6AAC680902E46136705A3EDFF006E6847CD380A562B13F5AEF650DB1908,0x0x0BB847B5DE4779B8F885CFC8EBE494EC00585EA00B8B108ED39DA8AA40A2D212,0x0x6169AE0AAE020776272656865D804E7BCE9E09590169E263A516092382E16C01,0x0x1F708D210304891E3AB99FB8AD2A104FE32EAE1436FB919455DEC4B9C32C7F76,0x0x3CF619B93C12528EB12AAFF395418C82A0926652CD847C6DA61995AAC48C7B42,0x0x479AA4FB1BD8CF325AED8FE8D2DE012BA43C18AEB0689D094807A3F8944E9E09,0x0x114DF93E89DF650D5258758550A7CDE01E9FC3E68F988B7321F71E649DF91566,0x0x5A644B473BC30DF7B5D7A95C93BE83B5E514BA243B55A7112B1EEF985E670F8D,0x0x331B5B8855B9349FA2CAB18206FAF7C8FF67C651A3A585A7C5E5F97EBA5B41F1,0x0x158EBB00B49C48D6EF08BB59C98C0CC53145463D5BC71B1934B8D9E65FC41638,0x0x0F8666DD0FF47F4CA1D7795E99CD832CB19F410DB78C66A4C41A81DC233B1143,0x0x3E037381CE5BF0F1D60FF07ECC4552A2DAFF7F20922948561FA08C9291C2208F,0x0x370394193964F9679DEABF30B41345B5A7FA5CCF33F000793267DD0C875F830B,0x0x0F6C50937D2B869BD10E687C005B929F3B8FAF263F179F57C6089DCB82EDF0BA,0x0x259EB70F5B7C4D3121C593D1539F5DE439E468A87640546BA1FB2225D162887E,0x0x4A8AA066478D6F16169B5A1C5234C981881543184AFBD16E65B79FBFF1ABD6BD,0x0x3C60577F12F431E2ED66969921F9911CEF2158B769A5E4A7DC8BE0D3B47AE87E,0x0x453AF93380B4EFDB377F34B75105C192A21213B06A6FCBC24C3B5107EF002375,0x0x05925949151E8B7ECD1A6EB50FB3317D6A5B2883E594309DF7D1A27EC3A82138,0x0x392A21B802CB272B130BD999F41EE1188C067219B4248A5B543EAA0F20BDDBFE,0x0x39C6CBAC5D0C1CBB6F9A67B8456CAF1FB4AD0BA4CF02932929C69084D0A37E3A,0x0x024CF77D10D5F96971700F4A3406A3B2F09A7B1DDF8F4E7327A9F8421C6EACCA
9,0x0x66C9316D503F32BD7BCA33D57D1F4FB691F918EB38215B718142D014C9C1CABB,0x0x1E579D524EBF6EF6CC31101A3D262A1781B84F46C5CA97B47973B58632314DFC,0x0x5354B9929D511BC77BB5F7F25E0DB02BF3938318794A9771A8BCE73B519C2EB2,0x0x3FD8634CC39852AC00E4252F7301B2377366F9D44D5A770BC9A91A853440BF85,0x0x05BECF81A349A686FCE98997731B42A23636E1F1D9497A6A07D4CEBEC279BB5F,0x0x2367DF3936694E4A0791C0F752B8CEC07E80E8DEB248822C41B3457A8ADA758A,0x0x668E3C7BB4AF7C805C90F0C2B5DADAE625509BD3CBA3E7C4EE3A6E730BC34CFB,0x0x54CA8BD7D18D0318277157A48DCA5751F770418C650113A9C7F66501C3F3ECD9,0x0x0BD8730549C27FBB754E857303E0D59961278C7DD85AB704C9E30D5FFCAF96BC,0x0x548B4C84ADCF027960E806BBD32028A394E11438A26322A974B11CCF47C0468F,0x0x27C5ADBFFF472872B47B7B097ADA36CEDBC973B5FD46DAE9AF81DFB21F71F4A7,0x0x486190A54E6C24B0223C54CC3503A0250076CDAF7A21CBFB839D7B4C03277141,0x0x0FD88EEF83FC6B4B9E9D8D99A0276D58FEEEA0FC2ECA84F7B6B90E08D4A3A9BB,0x0x412188EF8E66757D004BD67EB1BC9FD030151E889FF0DE3D79977CABD7EBD4A5,0x0x51F24715C1897609709612A6920F8FB6276C7F7F14BA8B983602AA7CD865BA0D,0x0x4E69474F8644DA409F4E5660C6159D492358CCEC9AD81C984F20C4517EA40D2F,0x0x14A877CDB7DF1749C77C6F362798ED294D00D2D4E11BEDCBC46C0E9DF5160E99,0x0x4B2F2681F0A1BCB53A17CC6F65BC90F0C09E8625CB9D62F2F16B0CBEA2A7D69B,0x0x5F7284810D1B97737289F3ECDB9AF7A4229CEE439927C3828F0CE3181A5EAB25,0x0x1691C804FC33B5B2F30971CE01D3F3F5260EB1B172E03D46CCED46329EEC537B,0x0x6A101A9D1D4CB0AD246538AC08A3D19F90CD2CB55615791DA54D1FA0339DDFFB,0x0x450082A68C88233FB19A61B4F28CFF0E095F5673F71B0267933621635608E760,0x0x1990E32FA5E4B53CD77D5A84B02980BB00EC218CE1075DC898A61039786D5826,0x0x5CBD543D1FEC0348ADB6225F7D8434AC6954C183503901FE70C94358116F6E81
10,0x0x66CD83717FF76927E5612EEEDB7FDE71FA139EEACABF2D3866F0577833EEF262,0x0x10AF03371BD81AB191EB26169C2C3952675B8AA279DC5A9A79CDBE0599E6D74A,0x0x15BD401D4B13E93A93D7CFA34B983F0574E75A2DA8252DBA857B0E203097A8A9,0x0x3AFBC21E2B00700F70DAE299E01C85DCE916CC9B5B24030021A42575972A53FA,0x0x45DF5240FFB822E7D4F6B6E5777A4CCB6D06BE01891ADDC190686DF854B9CE9E,0x0x59C74ADEFBF4FB6D340045FE688CCBA07D03406A22993ED7F992E47F778B0260,0x0x6198991162000EA45EDF7E8B740E023B9388714069931332F93C54091F46FA0F,0x0x058341A64E8D84241696AF3C58B517AA4148426B32BA1EE9E8CC1E93D2966845,0x0x17B5714602BCFEB436426FC88F6B918057290FF4D92BCAB1ABAB165BEE82F015,0x0x419CFC25E32995233F35804E77BB8EA90C1EC78CF165D4B66D0C3732308D68FB,0x0x2E5E6877CC9DA2E5C3E1C17B735E6242E322FD84330350A219F5F6D00F2438D3,0x0x1FE441C62A84302AB352547F924FC98E6E11592ACA35366FE04505FF3A7369AA,0x0x5B36890CE43F1E510B3E2238AB8C22EDD4EAB33CFA9FDD7FDE67060525CF5E89,0x0x03A8FC3570FE2EA537C64ED03728600760481C9158679488EFF51A4E78C09514,0x0x47FC4EF490B7C1A3C42A003A49B87476CCDB5683BB4FC8ECB9B9286F9D965717,0x0x4D0367D4BC626CBAB9AD3C2A5C34757F201BAFA2291F549FDDED213308748C9C,0x0x308147B8C21FC227AB471DD6C5DE3A3AC2C36D1D13E5CAD90F26EC769B8FE246,0x0x081C36A6DC7B1A06A46C02D9B57F7C648257E39530E22688BBC2A784600A32EC,0x0x439154C0FFD59005D9985621DEDDBEFA1544D121423D964B5D17840B693893D8,0x0x0AF8DBAAED5587DBAB972BB96B31333DFB6992ACAD4B0F1F4A0240D2BC2D3A,0x0x50BF7606C24340681874B7D1CD2EDB0CCB359FB25C0202B9CE4DBB71399E2715,0x0x667558989579F02611A81268876E9C76BFD72CE1E8DF249BFB096952B842F38E,0x0x3933E33EA90B0AB7C1EC7FE5100E0ED00922F1B566212FB2333D2AFDDE2F084B,0x0x2A15A381728E40945205FD51B5B40AD34473AF1DD46FC2E49ADD14E7C1CFE024
11,0x0x25803F834E7A40689B80ABF8B342E23B236447BAF3D9B502895A9635BE6F93C6,0x0x409A799F688AE5440E7A7A962C15BC8D7E6DEA4EA1FABF657435E448B526E963,0x0x075E852F19C4076B9F02D1978BC109D91E28CA502E70010664AFDE6D98FC11F,0x0x54A1E72853B388BDE9C5A64A24AC08E3F49ABBDFD19E643CA31B5BF45FEC913A,0x0x3EE3CF0E577E5A24CA123EC0C96F6FA21DEF3054CF35B39F4C79DFAC71496A29,0x0x684E7B2B904B5ED9FD12413202DB218485E8576CFDD322FC999B6B0D01E35B6D,0x0x57A82B495F57E91F5B0737F4BC63FB8D1E9EDB15DBA7CD45BF77BB344A9F589F,0x0x5764E74C831898E19B0E43DF9827430D795FC320D9B4DEC127379B9DC2E6E3A8,0x0x5783B8F3720B1BD783117363D872CD4851AD9F01B7A71707497FC3E2F73929F4,0x0x73A34E7DBA19B93FE8936C3F767AB692787880FA53BE295965E0A339BFDA57CD,0x0x045F95E0FECFF13334F89FB6C9755629745F811C0FBFC57DECE8D1EECB10316B,0x0x4C503B4EF3924EDD5502850DFCCC2100921395014CB0205D4E441F38C898B23E,0x0x1FCFA759587F143139347ECCDC4BC2D468412108A7D0CD60745044D45F919288,0x0x6256F8DFC6299D69E58D6F2EDFE351CA931E4A27823BAB95E3372C18CB720D9B,0x0x4E31D3300B4FBF3FCF894FE67B22CC727B3A0B5BFF5DD1E2CEE873297CF658B6,0x0x0D8ED9287DF796DFC3FF9E71B5C801333E552B3352E54F3AD332A7B7F2C41C13,0x0x26BA9900C427BEA98A7E3BD7C8C7942277DF218D6D7E5FAA643AC4E5EF3125F4,0x0x3FE9CF93ADC1537D4384D08EA47105762664F3E473368862BFA5803AB2C44964,0x0x27B16C3F99B4B8C82F8F835BC9D7E85CB4F9C26C7647749EDC2859CD4742524E,0x0x5164C455D7B9CDEE701AD7A194A4717DA41A0C15E633FFF84AF519F26E30123D,0x0x197D8A6DB2754868E21D0B934BC0D72829C4505AD89F97F8DC59E6ABF3E666FF,0x0x53C0007073FFB1301218C6713B31E17F2F9D74A1D5A79823C96572DBB49C0E13,0x0x6CFB85CC4E9DC9F2B6FC670E3A97D11B16ED99B40AB10490F50D08DEF09BACDF,0x0x33EED2E3F8F8A883D1AE23DFE25CA3DBD076AD6DD88D3DAAEEA4AC8548CC03E7
12,0x0x04C4B8F4C1F140C5B13BA01CBC9865AC54AFACBD7B6FD5A3213DBDCE6F01EE4,0x0x26DEC421B3E82DDB2361570DC725AED5E0308710F7D63C63043D26EB1721DE93,0x0x40CFD6325D04B3F2AC310F4B40CA34819DE33AF435495E6829DF895F7FFB571B,0x0x313B55287651B8EB3B592B7911CC32AAB1077157E2F181573D8B622DE22EE50F,0x0x4FDC4A51463E03D6DF9B26ECCE01559119078E3BBFE6B0C9A92D959DAFA22AC2,0x0x31225C09C9E75CBE6F09128C145760F79514050BF31DA291A46C334A30CF8277,0x0x07767DE5C6BD710614DA6C1954A62DE7DB4AC49D2CB7EBA4A2120D0B7D697995,0x0x38EACD24A2694C1DE5E9D1CA0B293DA5380AD7E5E4E3D82428D6899632F23E96,0x0x5A5E1D002D6B9DC63CF53DFDA8CCDAFFFF0BECBC26393963984685D15F1318C8,0x0x237ECCD9B6B86DD7E5F6CF498707771988AA134FCA63EE678014E727FEB52663,0x0x2BCB9C8E5077F02F21F57297D8B5A432A39CC407EF20648AF41B4B295D4CA312,0x0x06B230F43067EEE9AE25C072582F011A893B1BCA2613990559FEFA3D40C39485,0x0x62D4485AB559830B63FB93C84FCB99F8AF808B9167C1D6B2324CF97498AB6B2C,0x0x11B7B17352C2E00FCCC84E1E3016351BDD43A1B94A7275A7FD038D3A2B9035C1,0x0x2E07BE9379B06B8A9F7A955E71D6E2F88CAEC6B117793FE4C67F3D95A1BE6B07,0x0x0779036FFC6CE2E1E40D9EA42A700531365D067F12FA97B86F4357B5AF6F50C7,0x0x67B7C376FD40411ABA1D0B0BBB8CA5D4056B919BC04E05BC1F8B9AE8A8BBCE2F,0x0x695EAE4D17C000E6F4BCFFC56AC90DF0A6F801022B144EE05EBE4A2C4ADA667F,0x0x712D8FCA223A51EED6EFE64669D964DF84CDE69281CA3A02383A8CD493A9A999,0x0x2D03022CB8AE9B76240D9CBF7466917F609CBCA9B9EA5554078F0D402BE55725,0x0x4EF70802D003BE2599F89B4FC335A786F3642CF697730E9EAFE9FCF7CAC7EF3B,0x0x0459587494576402C2C80AC19B98A5D8DC3D245C6606F7229940514ED02B4BE9,0x0x04BB1F4065FD81889E8B0F9284EF92AF29A7CFF37A566B008E0DF5FCD9B6668F,0x0x6A468D362F70344AD9B7AAA3E710A5C50A97F9B3AF4B24FDC0D396B207F8CAAD
13,0x0x2DD67EA91E02BF6CEB3C05332A1826357D6FEEF1BF7354DD53E3A302AF4B2558,0x0x57F594C88E6A917BFE28F5E4CDB78178A32463B80627752538196F25D01545EC,0x0x608F70C6C16C6FFBB5250ECEDE33DE2581F2AD436D8CC4A2F528C3A66001735E,0x0x710FB5614149ABF7D9869DD75344672E5672855E9445DF1FDCA29E699E1DA6EF,0x0x31BF4B88E29AFAB7A150F13D59201E488384A31685257E079D3C2697010F243A,0x0x39C0EAA89D13831647953A39BC07904DAAE738ECFBDF41B217FBBC9135C73DD4,0x0x27FBEF8867B378559FC120683D9CA9C1F474E5E092BF889BB5B335FDF81A96F7,0x0x51FA15EBD78067114805234DE1154243558B27020FD24D7BD1A250658E89B311,0x0x44DFEE3CBA663E98F91601B4644E283123D9C42583A1D25A1570605D1175CD05,0x0x5D4C9487359F47279FB94775069C23916873A22DD6721DD444217F78EC854BEB,0x0x227C74FF6A7DB867B2CB0E6AE173C9278EC5248BF56B82C2827C236319D5AE2B,0x0x2C5BB8371EE053D1EB4D9D6CC1DAD348D3523326C6946CFD7DF44191C18B010F,0x0x542E28946EE48C80A87F3C89FB3EDD09C80004987EDAABDF6C471F6B461AC9AE,0x0x05C21E5E6F6DBDECE556C08FE56684FD3A8EB6AFD118365E05FAD2309CD43E67,0x0x2555831A577D5E723CA09E358C9E46C13E28DFC8E97A0557C31D62E8E334FE2C,0x0x6EE852FBE6C58A4BC9A169D1F861905CDD651F755EB2C83462CA11E9BE03B793,0x0x04DE8BBCE2B3477601215AC1530B04066B262FF38BA97971C05B0C1F0928781,0x0x728C594B18D35D939C802CCA9A9A549958BA3B11DAA9AA52BC5DAA772AAAA6C2,0x0x6C5B4AD27561E10769A938179948FF480E4F7640CAD3113D16EBED4B2064A487,0x0x366F6AA4973B937967D85BFCF1C705C8D7C711A13F9B58452E9280C7B6C43B0A,0x0x2F933EA1F3B227314679CC69C2ED8ADC280F629CFEA86E1FF96EED12AB9A938B,0x0x27E554689023E31E29FA9FDEBFCD75DD8816F9F64BAE289538E031EB71D4ACA9,0x0x2D3A7574116A21AB71E8BEB5AA2EC3542003F4135145D4AD4B7008D0F49A393E,0x0x481841A81AA37AD0E60FF45371CA8B76BDD4142785BE2B3FDF9E9BC7862872F2
14,0x0x4F02458F9E62D3625A2F0C5F849739A356ED510B56623C9E3864F53E1B953DD2,0x0x579D8D8CC71485E43628BCCDFCC0155389033EE936E0CB69ACEF2B3F26B8EC54,0x0x47366038E6F35C4265447ABE31FB8884F5A8161C750AC859D743951CBA529256,0x0x02541FB742EB1C3A3BC7D774011038ADB5914652171B63A5D797F82B7F76816C,0x0x5BB11744188A9B66CE712C2252B994359C8E498E236DBD479F951BA033AB430C,0x0x025873BA49C2EDD6F2080051DCCBF71A31F119B2CDAF1A4315B8C749FDE73B16,0x0x1AC8391B5C0918FCCFECB5C5B5BFD44BB15CE99A9BD388517B4366AB40768468,0x0x5DBF4D358E6D34199A5CEC414A2B0B2E14F3243C4E52E5741989F5F91D9E9E96,0x0x60C37E6A74E9B9B8B5EDD381BD97CE5721F20F0B4E17611D49BF0015829C4EC8,0x0x441BC1AFA7D14F2E24E1F841017D31817F8B8F1C2DC85329E3FA3D173A198837,0x0x3767463C8CA078E9ADE868EDF441E6F4E198E8D57E31DAB20FB39FD1D0CFC2EA,0x0x52EFE8F3FA17DF0D9CB51A95C426264C7F6F67D3F2C7E6487A81985564B4FFFC,0x0x2841F618A108494905B94E90C6CA9A031A1B53F6E38BC46DEC32369D49C4C7B8,0x0x2E8CF4B92EA9BA7A04791F49005E88BBE283378A38A1DB69F89F5C7AB2A040FA,0x0x1EBBD185E9A14AC5061B08221484FD20892134915F4F1EE78127413E935480CA,0x0x4A62161E1F880FC59A090B6670E9D4B61D2BAC36CB87361404E1198C62BE9205,0x0x47F9C4C3006FD0C421A0B4FF78DDAC12AE99D59008C27D95FD7E72C8FCCB6F6D,0x0x52CCDB05DD72C978C8C7A711D997F285C12640934571069FD17307560F5E6875,0x0x16CD65E9ADF4639E843DEA2F9283C3C5E13D8190FFFEDE4209B9FE018CC7C7B9,0x0x08AE45B976672B64F61AE5EA9FB1FE29E2076927120136B8AE7EBEF418905825,0x0x02E3344FAC69F0120085AFECDA6A96AEBB15422E17E0BE55E81AAF1C797BCAD4,0x0x53A4ED62F3AB5FB4E2EAF651E48C8F9C4081A6B66FB826E9CA515DC21A68B7A2,0x0x39ED34A60C4F6B34FD24AC6732B1672612141A154AE491C776D044581E59D1D9,0x0x2A1A4DBC8E6855B68E23022DC7397A2735104EB618161545A0311BDEEC30F028
15,0x0x42518FBE857DDBAADBE8194BD4CD4F5E437622DC8D802E4ED3454615A8ECFEB0,0x0x12F95B8D1121C4DC6EBBD6594B44FD47ED87E76C36057634F72CF86B211A325E,0x0x333783746789A2ACDA65C33E2D23A18F028003AC60A5F08F74706787670FFDC5,0x0x2220B4F55B87795C2A83A51132038FFCC6BE91E6AD09642903498800E65606C4,0x0x38C9D75851738CCDAFF8746C66B236CFFEA7D9EC237A8E8C2785E6D9EF075F5A,0x0x21837458C6609E018703C4179C8A32A3EF830F46F968012115693ED416D64A19,0x0x0756238DF3E9AC8DD521AE2E796D4019B08ABEB6AC89658DC295BC7C647FA888,0x0x418680BB51A7D6B07BA7735D2BB05D93F75C5EB95DB362481822A83779056830,0x0x4E33BD69ECB6D4E36FF0657C45EB97436C1B4DD3C58A407D39CE6C745B6AEC86,0x0x1890A8FA378F6B0AB8E2EB860458C1241F53871416BE8C021F663A3C6C983905,0x0x19084A78B21DC80A1D52D8B6D7BD1BCD307AAD20F4F7E87E49D391138C7498E8,0x0x2806DAEEBB90A47B8C078FC77B36F8532562521676BEAAF738DD90D3F4B26FBE,0x0x3CB2E618AF321C9DF83C923982C5386B3D60291184E072E17444A81F21275C9D,0x0x5892AE3B4278AB5892FBE80064BCC1FB1DF47545907B569A1E7C862F5556D7C4,0x0x7009B49852D71DC64D849ECA9BB56214F546F2718193C86D4B4E8C76F434E435,0x0x591565F85FE1E1268861140EABA356386650FF02CB79A8B2AAE9549C61CDE327,0x0x67A73483F5EE84063CFF7CB168273BCDCF28DEFBF7BDABA2233826FB6BBFB7B7,0x0x62FF364302096B46F7EB3C877A07F37D742C93B3B2E48F7904676AEEF7970617,0x0x010F30C049B44770FAC3762A2BA561F0E9D48408B578198A660F6D2C93AD148D,0x0x100770FD19D0DD4DB7D31B81CE38A13D17A102176F2287C453EF4596A6AD0376,0x0x485D691B722C1C0521C23115B4462841A787BA926199FEB14110393C607AC02A,0x0x0559CAEC71AED2134729AB669C1B6E615F8B0753C78568C1AEB42887503493DF,0x0x20854F4B8614936B66CCE0151FE6F3778510D2282B00EDC519B7488DE5F109D5,0x0x1A93BB07BDC1509899F33A16FFB636907DC56CC7553C63917F729220F4721963
16,0x0x30681A0930CDC2295107386DBE82FEA226180C903503EBC6AE1469FA3739A01A,0x0x398AC14E3D9A665CEF44CE11F093D16FB5E013E895E1EE4DB5C8E8956395493A,0x0x206EF0BAA0F9B95D8728FF4101432DE3FF0D5EF8AED0D39CF08AEB7A2A3525B0,0x0x4C71D3C2812EE2D3B292F689CEB1F95BC1D1E444E220BF03D2CE29A1F5181A55,0x0x2D2AE447ADC924EAC5C9A852FC34AA3C7235973DD1A2C203C8D300E927815AEF,0x0x473822340B834F3360DBEF763231883F8C3242EAC699AEF5B78CF75C50994051,0x0x5B5A0E791B9148500E57ED4C1E906093BCB9BCA3DA13267B01632A2225DD8962,0x0x4637FC14F3B9D5CF9975BC0BBC3CD64E80888051496B93D16A6434A48D6877A8,0x0x254E70EDE2CFFEF1FD5772CA9A8AB8FB0F5E1E3562337266847A9D9C21BB382D,0x0x5F4B8991F7628D22E72E4710474D365F5418A430B5E22956B283B2748DEECC9A,0x0x5FAAC8EF287DDEB84322A26512DC98459918320537FEAD1837F233A855526B51,0x0x64BD505CAA6B7538D70F502BA62B15E237C9368897CAF644AD47D3511D16B6E8,0x0x0C1F51554F0973D78305D425DE1A2476ED3D0AF36C7633484B3BEF59965F5E2B,0x0x60918B4CB9F2C8EF0BD7E199C1113637E936A4258D5C37E1344744933E67CACE,0x0x4C42E8394E7693430CB3B345AF2D706F5D13AC6B9B9289943584C0C335D83D76,0x0x569806F123D290C62274A0A63F577FD81480FCF30485FE3926B521E0E8366F25,0x0x1F0D1DB7827D431048E1DD5F70360A94F0B3EC1A97B65DF1DDC6FC8573F71BE3,0x0x0E17122BC362ACB4C6DB5BA4971F43E903F720E38FF5E83AB300F9034BFCC01E,0x0x0BECDE403DCECC85FA5840B4E7EED1E96E126191CE0884BCB804135C7EC74C2D,0x0x129DF001B313526B81827E32DF38E8A3D6368E44925D3D733E78EF619E2AFA95,0x0x5411F5AF9BFAEC134468C0FE868A222589CCEDDB49514A25769495CDFDEB450B,0x0x26AEFC1703496B6CE90152576133BDA41DCF083B4A29A034965820A20318DB26,0x0x189ACC380CEC5B6B46B74E9B1067BAABE771013280666C64F706B989D08B0DDF,0x0x26A2397BDA4887F762EA69F0ADF89504E8D190184193EF5D6DE34ADD52B569FB
17,0x0x5DC295A8E2447D3A1FE081BB3E5A3B248797C7A3D3F9CEE0F938AD7560BCF6EB,0x0x2E6AC285B9F129D6D3816A31CD4EBF167D274B565E75B4E735C9369FF99267FC,0x0x406A6C5A433B0A4A25C4DBA022484BB05BDCC2533CA6192B5EBAA4C720EE8675,0x0x3D0EB011988A760F4190166266E94B8CEC1E6C54234B89B0AFC0E8D6850DAE4B,0x0x1D40E1C7D0567D70C65BCC5A99A0CE08623B680C57E9FCC8EC3575C64AF45BA0,0x0x1945011BAF5B1BB34B0E242F4587F409DD97D1E6C81A738885B19F60FA906878,0x0x278D36B15C46C63F7BC114767AEA264DCB71B2B969434AD7B01E27FEE36769B7,0x0x32E1596EA324399BBA9C47580B3C0B7BD167D87405AF96D325E798065B897B1E,0x0x13E5A70590AE3B2F710EF0DE2FBF8786E400814EA91F47DBEEAC59CF8DBCFDB2,0x0x6921638780A781BF9C5855560DF72346FCF4E49E4D62C2D9C31FDDED6C21527C,0x0x176C3F116A05C57D63BE8EA3DEC3D5BDF8C21E14B14AFE4E324454342AABCF2A,0x0x292D56A87325450847F0B4738CFB06A11E7ABA1CF5B0EB8905F7273022AB7D66,0x0x3879711EA45E7578C5168E7EC7D966EB2252A2197E83D35090C9A38661524218,0x0x022C3FEFA232929CE7540A068CD1B09B369407B75C58BEC1AF68D95FFF79D5F8,0x0x6405EAFD7BB35F62679C1FC5A6F6A9848935B26F70007A7B201F22B22C9BE414,0x0x6A579ABB853D16DC4CDE1E1B3DC4E8ABA86ADC2CC059A908B03B8A40041BE642,0x0x5D732E533C3ECAA9B65C4AD2181671315CAB9CC09944DDB4E1FBA3EFAD2B30A4,0x0x0CC57670EF459EF2672B286D6B1B0F9406360AF5B95A8BB71308F1AC5EDBDB5,0x0x625BCB3B6FA7F0F941B9BAC852F1EDB924241B943DC4FED19A2CB067266D3A9C,0x0x4DBBBE3E41F35FCFB4EEFA2E5E0B06BB54D5F2BE1421CE9C54FBDD5166BC93E5,0x0x5CBB7BC9178315F5385C6593F8FDB9E91E59791106B97D718F77B210AEBED16C,0x0x15D91D48537FEC28D1FB36AD6CFFA9887CC92A5C84732E8F00D6001F00FA118E,0x0x15808A8497150997C154F9A12EE16A730523521B2290451994D9EDC27BAAE4BA,0x0x435414FA0F92126E382AD001715B2B0256924679FC072A1EAC60F409E3CB86E3
18,0x0x020439244BF8E9CBACFE3AA38A7D9BB216495A2AE7B35C1427FA1AD535DDBBF1,0x0x6B80F4A958E193F5AA4CFE17EF1A69C1246C212257B67A300D6D753BA733D67C,0x0x1B2721C012A9799A2F7520A4B15ED3DE44C98DEEBA393415D0D9F1B0D09C91E3,0x0x283E5767D406C40F368C042FE032284F872FD1A38DAFB31A33A66CD7E54B5961,0x0x3F940F10A5F99F9C3DAEC481EF89DB45A517BB3586826D934B46478B489AA3AF,0x0x058703086F6B29D39955A295954E4C207AABB2094FC9098F74979A3F82B80981,0x0x61BE108C92F50DA10753A0ABB5C2EC55765CC1FD9B2BFAA3E5AFFA7FD3F5CEDE,0x0x6DEAED4AF4CE19680304D935B11CBECFA5B71CD45D8B2D822C83CBE0BF60D125,0x0x326BECD67B8EE14F734E53CC72E72856AEC95F99806C97F104E265727E9C9418,0x0x46B84684EF7EF6A1475E853D63B4E35E5D580F4F359BECE7DBF45623772F6D76,0x0x4EEDEC6BD43EE6F33EF332D8D37028985F67C4CF67524BE1C1E51F3F85E71EBD,0x0x378D711989D7122B8888E04036A82D77E4291A2A82CDC6B34985374C7989B98C,0x0x26BEC76C2F2284407BE741A295A9BC1F6613C0A903B214277E7150AF0714D3B3,0x0x46A85F838B51B82B8C49C0D653B8175501C10E158BAB323B83A47B9C1B3FE285,0x0x0F827661C2E31ED2C9D97240C07F9BEDF44A09BF7BDC31DC7166BB16F5F2D8CE,0x0x56F45B3022FA4E2B5CEECAEA661CD40A1880EF8AACEFB2E20EA9D7FEA61D20D5,0x0x23B311BD1BAFA316B6EA7DB1872F1F83AF2F9D2E7EFB48F9EAC766C02D1E9235,0x0x279453A2DD3BA58E3E1BD64EBC158746D91DD1C83ED15FB6A026229511F9D6EC,0x0x0B8D376F545F353B0A33F3BF2ADD7BFFB854E0D8B1D8D7B3FBFEAB0228A8585A,0x0x6B12B2B47D7E07D1D62638FEB6BE6D67423A2121BBCCFB4A72BEE3F346EAD73D,0x0x30AA2A9EFBA7973D0496BB84E3919F2C8164FEFA91EFB379102DAD324A593AA1,0x0x0EF7DF179C51E978B0E5E79EF02EB226968A426F7851FC0DFE84A8C6E917DBC6,0x0x68337BA87C5CD0D272A0934D8DDE42B5646C174727D3891E3378A08D16418A41,0x0x3B600A83EA2AB51E15D6892B3D84309A847499677E4785228EA27C2C46DD782C
19,0x0x1C2B919639BA39C4C274700B221089F709F1D2A682DC13541ADA37A63266833D,0x0x1D0317DBF8E10F7AD26C8A2296A871083DE1BED1A10DCF7A9815FE90CC52FFDD,0x0x570C5199F19471717C2A9292F854E84900A779EA3A00EB92F5A8496F7932E077,0x0x5C51D9025DCC14D3B797BE61A675C61C2D1A118DB2289BDBF5A636326A71970F,0x0x2E59D3AA187631C11456791D2A81920EE386AB902DA87E081CDD870BB2B68F3C,0x0x12375BB0BA3CCF9A4D4610770BBDB8EE9436B5C1BA56EBCCF723B17142C16670,0x0x379E6A0ED3D74BADDA2DED00AC2F7C9BEA7E739AC5472A1EEAEEB449C010A5A6,0x0x4CFC4051D0CCB5DAF7DF9E80094ECB86D3BA0AD839B07DC0236A8C9C42917CE2,0x0x07A17AC1D72855AE2D339CFB4EC512626A79CFD5790C983BEC2B8D421FB8F1E5,0x0x683F09A078D573081407CBCA1F9DA30A2613CE8C32A3534FAEF04BBF92676B63,0x0x44DD786C17409BB2613F16E4B6E24DAEFE67B3E7D3E5125F27532023DDD8D193,0x0x3FDB7317931FE5F3D77B081EE94E99C9BA943E0C5A769483A015E24CC24C4991,0x0x3660E72052D684316D304CF707585997B52E77CBE86270F2717E34BF3539BCA3,0x0x25929D5D889D17C62F4425F7AF611512FE5FE8EB2A49FD8A5EDBA36AE4AFE56D,0x0x70576534AEB22C43EC5319CA460E8F092BD7553A3F6137266B802690BF228D22,0x0x2421A769F9405396BC1924DF710593ABBC3DFCFA0C69897E5A3FCD4F739B6893,0x0x55EE1698184464E162385BCA0E98106FF9059A29F1E3E8F1870AF636EF21A3EE,0x0x098B4A9472F20E8BB607CAC2A7A9163D18021CAAB70751E4D5D97D85AA5F83CF,0x0x197E46A9366544F15812F172F99BE5F51AA76070077BCE8569CAB300010AD8FC,0x0x088DBAB3220738A43C83384D04EDF67868891BA750411432E8C8C9F2F994AEAA,0x0x0390C0499DA862D0E316AABD0D5C1F54160F6B7F3C3C4A3820920023DE0565EA,0x0x48B1BB78EFAFAC2B6AB13050851B277E8BA3ADB72EE3CEED3D0A29D5D6F30612,0x0x0C40E8E69F896C2DB4B8C706F564D7DCAF93D9065378955B75748C00D3031938,0x0x5EF9C0BC4754EDA5D9F6230B6B1445D99FA5648AABD51236C1CF70848A1F98D0
