Test Case ID,Hash Output (Hex),Full Final State (JSON-style)
1,0x5fd01ec7c117d0d2568eef05d7c5af08b81642c549cee3f313059b437ce9f257,"['0x5267f91e8a2d9078e81ba40d63bfaa4aba7329d0465abf62dc6f4c566771986f', '0x5fd01ec7c117d0d2568eef05d7c5af08b81642c549cee3f313059b437ce9f257', '0x6d751405d29ad2e379187420f3413e3e3268fe6e86f8aa8f8710c83feaf2ef52', '0x10ed8e311f3eeb09d00f9fe42e5ef23458dda90bc8e6d298593251bcf61025b8', '0x2e36d67f512982d419431fdc38fbecbe1be05d33693eea4e2176406ef90150ba', '0x4c79d4efd42706f3541a942c26dda0b0c6596e9e417d4f16f668fee4605155ea', '0x378be8f229c8de6cf7df5b02b2b518b9541983789110fe9ed2443eeb614088f9', '0x5775e016dbc66a1471c3d35ba5a6b7b0371659237443ebb4af29a914ecc7bf08', '0x4fa2fe3061b00a5efc7bb20d28ee39eef4c9709d5986d2655da4811880950578', '0x27f5041eb2e5fbbaf431abf575800576d17cc80d1eac651f8ffaff30ca555272', '0x50349a138f2aea94b4004b77f453aad229b3fc7aea6669565dc8f5a0c0d5079c', '0x726d1a5b2cc50d8916a094876d1c651111168b8ba47b2d40615b991988f22bd3', '0x16e907cc13c6f16c4429290f5a2b0f093c113dee54d2fb22098fb180829f27a1', '0x54981390f36cc7d0c51e3949f9d6d1490a23e751a4787721192a6195b662b047', '0x5464213a8c83da3edd5634b3e971d23b93af6bfda4c7a8b0424f77e497da236a', '0x586170815fb7b83c9d5a975993f6037c6caa4ea6ae409ed13b827d64b0df830c', '0x1a840ec482a6c10dcb62eb513fbc6e2e4533c5ff5a62b0ae95152c60510568', '0x5d194c4d65e2d4eefa24e0bcaeba5917746cfedf9e46241a8eda985ef511540e', '0x249963cec753aa59d7a0800fbdde9efd0f98c2b1aa5638b9bd31a7e4e8edc380', '0x3ebd6d7554eb75c359b9a5b5e7da073a1105deec87c865acd2e9afac66f0ed05', '0x63da4af6bec0743ab91a57d96a7c648478dbf01f88f98855b2905116f6f7a67f', '0x14ebf256722e6a83f2c6a2d08037892fa3c470815515035ce753072fa6dd4daf', '0x2b4fc5ad47c6ca5d2a9e25235f82c065530ab43c4bc6d9b057bd1919e8fd8cdc', '0x318a03a9cb7cc25b98f7e070d40d2bf00ccf59a53f456a570499cbad0d8c5c9e']"
2,0x56fa79d35a88e150968cb804a1fd50fa070662862eb435618e735d7607efa36d,"['0x701f8388c414fe7760052511c0e737a77ea737d9ea102542571c38d202df62db', '0x56fa79d35a88e150968cb804a1fd50fa070662862eb435618e735d7607efa36d', '0x15224e17257a1719fb3ec6da9822ae44cb39b2522c36d50bf8eca96c8b1e871b', '0x5e81755c819eeded2d3498ab595ca730430c0216868c13a6c01ee502696dde3f', '0x40af396d5083e774ae8ee5dd95fa11c3add585924669ce7dcbe9b6c3ebec8717', '0x59870531e72b64eb457fa3d82cde179384da0bbad7bdd23e2daeafc6c2c3700d', '0x614aab24585d6767957250450de7902f1992ae283604cf55b0d47434e4e60206', '0x18d0b3a783d007240478e526aef93648297dcdfc65cfaec16d371b91f6fa24d6', '0x1d801f350c65710d899f9d1fcf262674e402425fd122b525e302d3af25c94b42', '0x2041a5defb1916419d063e18f57653db86848d1b6321a6327c8e8a60ffebc93d', '0x340c0c45c36b1fcc9245f64ba214008c05c00148e171130b2fd9c9f4ee1480b6', '0x1afab06348d5a4ef7b96e302f84d3a8f885a089ac6b73f279d370afebb94c25b', '0x5f7aaf82110fa153fc5c60890c9c9d177f503d063d0787d69e7d3f155fd7ad19', '0x10e79380814a24f341b9cb583f3bd1785ffaa4254a08117828685e696569d921', '0x20f4c3beb24ff61abee32604f24116eb001dd6bf26530246a3dc8b6ec542ee6b', '0x22183bdf46a30d963be528fde024c080fae3918fb50e10c5373afa151b5bbb52', '0xc9cf61a4ebfb1b89a0f9770a096d95fe8ea326cf4f0bb170c498ab9c278048c', '0x6dc977719eb5af1e57f415d150101900a2262d3873db12d701a8e9e60351f729', '0x64f6c6d45694e646a538d5b0e434e941cf16249aed7e817a6c7cdc024f493ad8', '0x28b82a6739304f510bbf10af49b4ab7afd937df37851aabdb81c63b3aea7b16b', '0x2d1926698298850a10bd25fd8eb2bf7357db95957917aedada26be15ca14f897', '0x5d0daafc3f5f0761511c7ef911b189342a70aa03248dba305db971aedd7e68b2', '0x44fdda1c29ec46eb5acc2140e26975b730165965cfb4bf44e20307b4893e86bb', '0xf538eaf786075538a2d82b6e9160340984949ed9d995678e3ae6b893702f5d0']"
3,0x245e18e8ba78c8e5d63f6e659fb8a2d98acd6781080a32e1440033b995e16970,"['0x6451947e2c1033fe478854aced67d58941c79a7e412cf5c51c641300f2f4b48f', '0x245e18e8ba78c8e5d63f6e659fb8a2d98acd6781080a32e1440033b995e16970', '0x4ffb90388f9957022ef1ab9cb142bb430cd2d76dd302aae99658dc0c30e95768', '0x5d3d788473f78ef0080351da2231049259b449eca4146725c7879e295840dc54', '0xde860f47632306b843f1a090e007105009c011131681a19d8881993b2949149', '0x58db3db09fb8aa88f229824798c6ab102b5fe929d1232f12b91d58cd09ff0def', '0x51fb6eb5820c89421f9c9f7c7f1aa33f6fe8c63d868c348e0d86a6632c315764', '0x1de5d8f04a2d5e47008c18b8f4aaa9854edca4fc6b1e2f7743cb09149e1337a4', '0x29087fd620d0feb4f1eba512a91eb747b41b7962bda538ab0b42ccc972aa0c58', '0x1651f8a47423349f7ad729a3e68cdf26e8c19f366f822593b96f78e9ace08b75', '0x20bf5ac754d971a4d04328f0b063917cdeabd9957579b0f524ff3979b05238fa', '0x69a34abab807c1df8d0054f5199103743d276b135a5f8aff958fda232e914d', '0x3391cb4eed61fc1f820c667558d1ac2b408f1f8d78c0803cae5db4a21176d062', '0x10e5f87dea281ca9521e226049b0cbccaddd5b5fc415f75ca6c46e7a1afbd7d0', '0x56c8a93984633af97f196c38af14cb3bddc5c2c56b7c96af4f8a3c9513dc6c0d', '0x106853029bbb4149f611613e8c814556f470cd3580b3c2b6f38d9c80b7b6dbb3', '0x268012f71821599911b94c375681bd8189a64ad9041dd01f478615791ca9519d', '0x38cb7cfeced77bcb92199b8955689ce1f2891a45f6b06b61c24c4b9c4efd720b', '0x72a9c97344678b157d5df898d78ae9f813ea94333b2b0e25389d63a16bd6fecf', '0x706c4fe2a7b1c97a0d8b5090abad7ea9c24937143e670c5a0a6d6f8197a3eaa5', '0x16f3d4b331a41264a704c044509f2fb89164349f4ce28857db5ff7bf129cb462', '0x6fc5129b4bb764adc3a6c26705f4f4e0658630ab094672708642349e32ff9cb2', '0x14bcce6940b49250bef5979e1e2cccd6df03f4924fb01d9494d8fe0f43177074', '0x5105b5669fd8be5a1e4fbe89bac9a8e4f8f906e49eaf2661915e47021ee82f1d']"
4,0x3458d5ad36114507ac2a2d6b60b9633b8a773bbf7be333ad40edaed9270c14ee,"['0x446b201c3fdc42b2a9df093db09aa50b6f60869de90b85ccec42a912fe884cf8', '0x3458d5ad36114507ac2a2d6b60b9633b8a773bbf7be333ad40edaed9270c14ee', '0x11049e53efa52499f3d35d9cda1745544a113bcc93a5e2b6ad69e37bffdf509b', '0x6951c06b69898362d2822e3dd7591c91afa15886997a616a950be44f655d5b69', '0x71603bfda84152766798b08428a065c322138cc3acd733e1ee32ad69fb5c99fe', '0x514bd4e9cfdd1c80b18469d6daf2fa3ef6a1cb4e306ea59e11aab45e1d836daa', '0x5ee322648e2ce67ab72c80df625ff81f7b1c9951ac313dc36be89213753df8c', '0x344dbf1a4c8d545bc160e8d4e82eb5b253c75b9705cbc0de9edaca346e748991', '0xe45a786b0980830a5aeb9421f2a2a56eaaee16a826cf4e22003f830a691d0dc', '0x1a98a19cd4a84c0f627e48bac368cd9d011d338f22b6f3f257944672e6c515d', '0x9ee7e3cbd8e3912dc2421def774e7b205af988ad55020a118789099f1f90213', '0x226136d565e871ebcc8b8433dc5eba8a3ee6e52503de818d84324515466f44b0', '0x6debf6d126207c8c65ee92aa46f18952ceb94c3b54b27e3ebb37b20b8533b81f', '0x6f310e00ccb2b4f8671f373a0505875cb638bca39102e9517d272639708ce703', '0x5e5903ac23b3c903cfdb9ad336647511c742a7f70ec52a6d7af4d8ba0c7a794a', '0x5d14755f83218a750496cb731f3ebfaefd5eaa27f2328eb9b546bee525731d29', '0x2a882b254fe644109337cdb42e4813951ceacd4ebb2233bd0a3957d0d2ef9c07', '0x52b578f62cc63cdc07ed67c422ed3a01a02a3bdc94ab90e6b3e3390c75ed8f9d', '0x249d3be53d41c31e873bf82a7e69a25acb7221a170eebe3b0abddf2187f1bf46', '0x2291ffc4eedabe68282771a390bd69d813cc8c7cdab2096f594fdb63b3a314f4', '0x49e43071f5f94c36c42de5cec0f3f6caeec4348cf0c3a2aab346341c72844cfe', '0x4779d11a53682992d7ea9bd471ed78745218e8393cf8f7bc2be72b6d24387cd4', '0x6ae33725077af8d57c01eaa5ccd1af4ec0d83b1399d49462fd4270938f692c40', '0x256794bff7ca9e1170526ad17631d2971d3c1e081beed14cffb430280c4f49d2']"
5,0x3ce434658b32cbc1c35411d97cd13a7ed41b81e68b936e4021e8deef6aca93fb,"['0x3ffe9bb662f88b0f1cd64ebce5ded0ca147296e8ff1b118f54901800f94ce1fc', '0x3ce434658b32cbc1c35411d97cd13a7ed41b81e68b936e4021e8deef6aca93fb', '0x240d002b545e2245ef0fcf27a9dd0fe3566c196dee7a92801ff4e175dcb2a53f', '0x532581f4af9024abbe0346e627c66c9c2be60e9a95292f9c5bd751fb17c97155', '0x1be2b0e26e0cd308594e3fd1c6f4f6cbe3e1271513170ffb9aaa59a0019a3a4d', '0x16e673f881e6f339a7b274100be766ec2fe0fe70ff4737d8ed332e17568b200a', '0x1102ce1c8ac74a3331a0d71b2b0e0f55eb185ef39b418533c8084980de5a0f05', '0x3672d6204ab983e73be53e047de54716d606d292248b01be220e3ba5ab4dcf54', '0x680729fa2ac2d250568c626afb0c4f2d2b88ac660e134a8b085387c4db98f77a', '0x6abcb9030976301b6eb82994fb2073ca180df05172b95736ff61a40730845575', '0x483e39970795223393db2423df619cbaff5f351da388906abc5070b48e6b7523', '0x6c581717413b9d3f70ed65d85384fc6d3cccbbdf782e812f62b719527690d37d', '0x581dfb9f277dc1ec01b2c31fcc80452036eca32d51b33718d30e8e039e915aca', '0x22a6b0e4230d12fb67d0744239014f761c5423ddeff575b7eedae54a82775dc2', '0xf12e46caa733b8638f24661905f347ad941d7a2c91ffa600e3c95fbd9ea92cc', '0x5548b233b93c3eeda92362c31129492a85979945b7c7f3e209aeac110fea6684', '0xfcac4a0d3144e0fd4db73c9457e515aaf746fb62ab77c94e8d3b5ffe3b89ee9', '0x4e5ca5bcb2cc7453eb305a3ed27082c6eca080245566f02552a8a561942ec599', '0x2c5b378af592e3ac972c470db8aa3003eec330ecd0f2f98df8c6f9abd4391954', '0x64d089a1dde2eb30edc9ccf2d4ceaef2b21576280456998e474246fe5df494b6', '0x2ab2af5f1b92c518aa89655499f8eb1d891747a16ff971d5dff6bbca69e59aac', '0x32c9592500de1b235b0910c2692a7346f0903d0dcc4ee144b6f01a041725a88f', '0x33c41dfbec440570f3e57533f489ce83b9fede3fca46548849e8d19f1373e8db', '0x6b0baf05d91c624461ee8553c59ac41df99acfc4ceafb785c9c0c564c1b40645']"
6,0x5c017b9941e0e349ac85b65af47f4baffd9150a373a715dfe9b57018313bb758,"['0x233eaef5915d50674f2455d4c391ff356f7297f06bac3fa21144bff3a3506365', '0x5c017b9941e0e349ac85b65af47f4baffd9150a373a715dfe9b57018313bb758', '0x31d655d4fdf5cba4e442e5c3d08c156578c595328474aeb832ee5a877dad7fb8', '0xffa14ffa5235d49d916d4992d920d3685778e12a4bc3cf514b3b688885ecb5c', '0x1c8e4769ed1f34f2eb91f6fecc472b5fe0e2460daec1197d5e67201c802ed919', '0x6316ab094c94a96669c5cf37aac3a90c86e5d04c17a8bc5b988e3fc32b82bea5', '0x4ce8a913d0ef4f55b70bf0b47dc5d93054a240108487baaf3264c16c52893a59', '0x609affa81ebda7cc9c3ab439a988360a0206545d43e41072c0ce1d0767689f05', '0x27a99cbbee08ef025a174c56e886d336696cb96763f60dfd49b7a55620730612', '0x774ef759bee3b655591b37cefa032fa60d0d752f9ff97d024ea3bd8e52d62c5', '0x401350f3f257b48778191c37f15ec6ffcb10e837fcfb005370cae75683d5b676', '0x71c76dc824e37b76ffc23cebced1020d92fe22dd567401cdf0a09d911a36e973', '0x69a1c109a0cd1cce202edb952638b0806c5f08f62bca86f284d4e92f3ee256f8', '0x16ef4c41e4cb4e513c2d651468e3b60517f803504daad7649954562eae554419', '0xdcf594c1a9fdc925e79ac35aef2b424c86c76d75fa2cee1efba0e9c1b9a65f4', '0x4e9aed11b432f42312c70a1c697b75723b868df0bffb2c0231ca3532a4d24411', '0x246b296276bfd743dfcdf5b113ee75d052c334bb5c1a23a6cfee4ddb3b1aa735', '0x31da9b4fbd6abcd2b236a0491dda64c39c0b322bf24483137c05d8982551127e', '0x103db6610404e923e05cc97449308458ebe3842b63545b65691a08c31c9746e9', '0x2002e8434278c65fd059d1a07c1512bf4854ec5037538cc2dd3066fa2b7bee1a', '0xe3c4657da7d3fd4d7fff1c536dc64f59c24e84017f9d2d6d95980aeca2c1ff9', '0x21170c43ecc048026f1bb47a84579bb832b09578d2a0f8716742c35dc1571cb2', '0x30fe57e96e82e2d1a2261b07ad54833540d49d0d11be9fbe1a5edb56764bf2f6', '0x7589d106b087e1a086936e60580a83d9790651202f236f91de4072f5f8765e3']"
7,0x5a188644a12979b07f160537f484f577a71f4287a1d179bc2c5c027df450e01a,"['0x630d1dee329eed627c80fba1031d2e7a2318dd2a1e7db3f4cc96be49f7f15df2', '0x5a188644a12979b07f160537f484f577a71f4287a1d179bc2c5c027df450e01a', '0x858d1d696b387b32a12966670e8c13b8415f259ec8fd2e47079505123131041', '0x591e4d1d56c1d8b5120f620a6c9685270b2788d2e4e7b7daff808cd7fa61b18e', '0x30e0c36f7887e0d46ab99fb472ac48eb2bda7d98800a0abc2fbd3f3fbec5ec19', '0x25e00165780ac291dd95d0e4e64af756ce47f5989b1c0694e30a32d3782cae4e', '0x70ba927f3abf5650abb5a8e684b8cdcd9fefeb91b144408c8dcb9ac9d001e9ca', '0x65081e9ebc75b73162e0d4fbb5a0a1e8b7845f2ea95cc66defcac35c2084750', '0x5fca7332a3702b3b0998e3935f51deafc0be0f25392387fd2d832b90e6cf74d3', '0x4adf1cba8809d32d522d5430ac55e90cd5d74bb7c360ab02b99fdad5a529a50a', '0x622018b79b284c28394371b00189b972780ee23e53f052e7f60c82f195fbd01c', '0x70e4a17cfd652e64f1d307e6ab629c387eec6227ddac59a62ef39b8bdf2f1079', '0x34078fe27c4681c1e836eb4dc17c08dd74e57ca78b1b6b6a6033914b55ec03d7', '0x44088dc8c8477f6021ea33e19dae1de01c1848d01318c5eb06cf3b395eb89570', '0xa7c50973e41160a4596a216306201a019bd912f9614dda85b5efc1f5e1c2805', '0x2366e1a9a89d6f3555925d2314e648d783a7c33179806fe1554ff31b705f0e93', '0x68a52ef99491586e2b847f84b8cea3de081c93faf9762ade76d2948bb5c527c1', '0x55a8990e8c5f826a5f9f4e520634d6445c11b83630000a8b3a48e288d6f14d6b', '0x226dd04c9a7e78d4a7655b3f71919efb626f7ab14568a5207bf360e4ec7052ff', '0x72566e932a9a070add3821db69d7cd0127e98a83bb34b9504531e55c77666438', '0x21382e90afd9d82e6362780a58f66f61854800bb18761e8180dc544738bee4a1', '0x54ab8025808867ef1da9671904df056d225f897638b8e3c41cd90be21cb5aa19', '0x287aa3574d2dea0affbc3fb66220239b090a4f595e13ebe77d2b88b0bcd975c4', '0x695aaeec68f37ca5a40d17a16853bc5202927881d469bb6c4275cbc0302f1d4']"
8,0x59bffa849c53c572acc73adc0b2fa979c94900644ef8759f9e9ee27ba1411928,"['0x37f7697c88cf6b34368243e36c1579590afa0f90a14202713769f30f9eb65ae0', '0x59bffa849c53c572acc73adc0b2fa979c94900644ef8759f9e9ee27ba1411928', '0x1d43636d5871735e67099c9d7072175991442e7392c15318b8dde1e052b70728', '0x70f0aea6256e89614ae412f3e36235e39ea4542db1b185b91cf92f1c93992fd3', '0x2f4900338439bab03f211e6508a111103a39339564ec40bea7a5c84e5b43a99e', '0x6889a1009c60d86ff76a8de27a68f62b96b70e697a2ca3f94a0d491009be736a', '0x28565564286fa95c2d58055d2c0945be196e9b0ed66e11aaf402ccc758dcfc38', '0x19fb1b954c45093975b750479bea65aa914858a11ff0be8c1a8b9727a5b174d5', '0x271960a0ad9b48b95ba38ff135fcf1914263d58a008ee51ca0c199c14c3191e4', '0x45cfb69d6ba119bbec20b49003b1bf1ab985f3221f04fd4cff91149004968815', '0x536a48eb823643a18510a389bfcbc1c15d9d3edcf55f3a0781418101cc18aca', '0x5115164f9e04f7f51ace3d0d66ed7ab47666731296c2b6739a784e4752e406f4', '0x36523202662c7c43136eea06500a30e3ce881f2d8f6f6c03c57c0199304b6780', '0x2c9efe79060377ce9a14dd0fdef4cf91e21e5ee260ad3f56c0d5a283e85ad52d', '0x56b70c8b6e46d05e2a407e4c67f6c81b8cb4b835071122a08102bbf97a298095', '0x30f5f7acc3456c3da68cd05211ada63baac48e19e57ab25513f75d702619c1c5', '0x54e3d19e1d6c6dcb76ba5034ec722abf6b9df7b3a605021b8b4809e6604d72af', '0x5d9cbe7caf64cc794ffc1bfe0f6ae69d2fc0028a57680150e7ddd9c18c59ce58', '0x6bee9bdb7ef86df95fbb383f52e05ed6fd1742701f606ea0dcd8f923ce75e621', '0x205b51a7d02fdfbe41e668f1c56b561eb74696c46c70b24e9eb762ad96697d03', '0x3f8d09fa18849996d0ec5294526e32c11003b12cd00e24d083dc5abfbb793bc1', '0x651935e768894e2f2e6982c142808d1146bbc9c2eb78a701b9e1f7c0c124a737', '0x1a307af4e834ed3ba1bf7525a8aea285629526a51da5a0b5facf126be8676739', '0x49424a7f85a8e33fa6375da7f038884ee2cf8545f66bd212add84182e6c6fee6']"
9,0x3fa29f3d026d4330dfeb1c0dac81739e8fd2d84e167b2a101c264aeac2671d35,"['0x5e4e9b07b1d714c4ac3e04045ea76f0ed587ec85294e509543483542da543d41', '0x3fa29f3d026d4330dfeb1c0dac81739e8fd2d84e167b2a101c264aeac2671d35', '0x6828f6aac680902e46136705a3edff006e6847cd380a562b13f5aef650db1908', '0xbb847b5de4779b8f885cfc8ebe494ec00585ea00b8b108ed39da8aa40a2d212', '0x6169ae0aae020776272656865d804e7bce9e09590169e263a516092382e16c01', '0x1f708d210304891e3ab99fb8ad2a104fe32eae1436fb919455dec4b9c32c7f76', '0x3cf619b93c12528eb12aaff395418c82a0926652cd847c6da61995aac48c7b42', '0x479aa4fb1bd8cf325aed8fe8d2de012ba43c18aeb0689d094807a3f8944e9e09', '0x114df93e89df650d5258758550a7cde01e9fc3e68f988b7321f71e649df91566', '0x5a644b473bc30df7b5d7a95c93be83b5e514ba243b55a7112b1eef985e670f8d', '0x331b5b8855b9349fa2cab18206faf7c8ff67c651a3a585a7c5e5f97eba5b41f1', '0x158ebb00b49c48d6ef08bb59c98c0cc53145463d5bc71b1934b8d9e65fc41638', '0xf8666dd0ff47f4ca1d7795e99cd832cb19f410db78c66a4c41a81dc233b1143', '0x3e037381ce5bf0f1d60ff07ecc4552a2daff7f20922948561fa08c9291c2208f', '0x370394193964f9679deabf30b41345b5a7fa5ccf33f000793267dd0c875f830b', '0xf6c50937d2b869bd10e687c005b929f3b8faf263f179f57c6089dcb82edf0ba', '0x259eb70f5b7c4d3121c593d1539f5de439e468a87640546ba1fb2225d162887e', '0x4a8aa066478d6f16169b5a1c5234c981881543184afbd16e65b79fbff1abd6bd', '0x3c60577f12f431e2ed66969921f9911cef2158b769a5e4a7dc8be0d3b47ae87e', '0x453af93380b4efdb377f34b75105c192a21213b06a6fcbc24c3b5107ef002375', '0x5925949151e8b7ecd1a6eb50fb3317d6a5b2883e594309df7d1a27ec3a82138', '0x392a21b802cb272b130bd999f41ee1188c067219b4248a5b543eaa0f20bddbfe', '0x39c6cbac5d0c1cbb6f9a67b8456caf1fb4ad0ba4cf02932929c69084d0a37e3a', '0x24cf77d10d5f96971700f4a3406a3b2f09a7b1ddf8f4e7327a9f8421c6eacca']"
10,0x1e579d524ebf6ef6cc31101a3d262a1781b84f46c5ca97b47973b58632314dfc,"['0x66c9316d503f32bd7bca33d57d1f4fb691f918eb38215b718142d014c9c1cabb', '0x1e579d524ebf6ef6cc31101a3d262a1781b84f46c5ca97b47973b58632314dfc', '0x5354b9929d511bc77bb5f7f25e0db02bf3938318794a9771a8bce73b519c2eb2', '0x3fd8634cc39852ac00e4252f7301b2377366f9d44d5a770bc9a91a853440bf85', '0x5becf81a349a686fce98997731b42a23636e1f1d9497a6a07d4cebec279bb5f', '0x2367df3936694e4a0791c0f752b8cec07e80e8deb248822c41b3457a8ada758a', '0x668e3c7bb4af7c805c90f0c2b5dadae625509bd3cba3e7c4ee3a6e730bc34cfb', '0x54ca8bd7d18d0318277157a48dca5751f770418c650113a9c7f66501c3f3ecd9', '0xbd8730549c27fbb754e857303e0d59961278c7dd85ab704c9e30d5ffcaf96bc', '0x548b4c84adcf027960e806bbd32028a394e11438a26322a974b11ccf47c0468f', '0x27c5adbfff472872b47b7b097ada36cedbc973b5fd46dae9af81dfb21f71f4a7', '0x486190a54e6c24b0223c54cc3503a0250076cdaf7a21cbfb839d7b4c03277141', '0xfd88eef83fc6b4b9e9d8d99a0276d58feeea0fc2eca84f7b6b90e08d4a3a9bb', '0x412188ef8e66757d004bd67eb1bc9fd030151e889ff0de3d79977cabd7ebd4a5', '0x51f24715c1897609709612a6920f8fb6276c7f7f14ba8b983602aa7cd865ba0d', '0x4e69474f8644da409f4e5660c6159d492358ccec9ad81c984f20c4517ea40d2f', '0x14a877cdb7df1749c77c6f362798ed294d00d2d4e11bedcbc46c0e9df5160e99', '0x4b2f2681f0a1bcb53a17cc6f65bc90f0c09e8625cb9d62f2f16b0cbea2a7d69b', '0x5f7284810d1b97737289f3ecdb9af7a4229cee439927c3828f0ce3181a5eab25', '0x1691c804fc33b5b2f30971ce01d3f3f5260eb1b172e03d46cced46329eec537b', '0x6a101a9d1d4cb0ad246538ac08a3d19f90cd2cb55615791da54d1fa0339ddffb', '0x450082a68c88233fb19a61b4f28cff0e095f5673f71b0267933621635608e760', '0x1990e32fa5e4b53cd77d5a84b02980bb00ec218ce1075dc898a61039786d5826', '0x5cbd543d1fec0348adb6225f7d8434ac6954c183503901fe70c94358116f6e81']"
11,0x10af03371bd81ab191eb26169c2c3952675b8aa279dc5a9a79cdbe0599e6d74a,"['0x66cd83717ff76927e5612eeedb7fde71fa139eeacabf2d3866f0577833eef262', '0x10af03371bd81ab191eb26169c2c3952675b8aa279dc5a9a79cdbe0599e6d74a', '0x15bd401d4b13e93a93d7cfa34b983f0574e75a2da8252dba857b0e203097a8a9', '0x3afbc21e2b00700f70dae299e01c85dce916cc9b5b24030021a42575972a53fa', '0x45df5240ffb822e7d4f6b6e5777a4ccb6d06be01891addc190686df854b9ce9e', '0x59c74adefbf4fb6d340045fe688ccba07d03406a22993ed7f992e47f778b0260', '0x6198991162000ea45edf7e8b740e023b9388714069931332f93c54091f46fa0f', '0x58341a64e8d84241696af3c58b517aa4148426b32ba1ee9e8cc1e93d2966845', '0x17b5714602bcfeb436426fc88f6b918057290ff4d92bcab1abab165bee82f015', '0x419cfc25e32995233f35804e77bb8ea90c1ec78cf165d4b66d0c3732308d68fb', '0x2e5e6877cc9da2e5c3e1c17b735e6242e322fd84330350a219f5f6d00f2438d3', '0x1fe441c62a84302ab352547f924fc98e6e11592aca35366fe04505ff3a7369aa', '0x5b36890ce43f1e510b3e2238ab8c22edd4eab33cfa9fdd7fde67060525cf5e89', '0x3a8fc3570fe2ea537c64ed03728600760481c9158679488eff51a4e78c09514', '0x47fc4ef490b7c1a3c42a003a49b87476ccdb5683bb4fc8ecb9b9286f9d965717', '0x4d0367d4bc626cbab9ad3c2a5c34757f201bafa2291f549fdded213308748c9c', '0x308147b8c21fc227ab471dd6c5de3a3ac2c36d1d13e5cad90f26ec769b8fe246', '0x81c36a6dc7b1a06a46c02d9b57f7c648257e39530e22688bbc2a784600a32ec', '0x439154c0ffd59005d9985621deddbefa1544d121423d964b5d17840b693893d8', '0xaf8dbaaed5587dbab972bb96b31333dfb6992acad4b0f1f4a0240d2bc2d3a', '0x50bf7606c24340681874b7d1cd2edb0ccb359fb25c0202b9ce4dbb71399e2715', '0x667558989579f02611a81268876e9c76bfd72ce1e8df249bfb096952b842f38e', '0x3933e33ea90b0ab7c1ec7fe5100e0ed00922f1b566212fb2333d2afdde2f084b', '0x2a15a381728e40945205fd51b5b40ad34473af1dd46fc2e49add14e7c1cfe024']"
12,0x409a799f688ae5440e7a7a962c15bc8d7e6dea4ea1fabf657435e448b526e963,"['0x25803f834e7a40689b80abf8b342e23b236447baf3d9b502895a9635be6f93c6', '0x409a799f688ae5440e7a7a962c15bc8d7e6dea4ea1fabf657435e448b526e963', '0x75e852f19c4076b9f02d1978bc109d91e28ca502e70010664afde6d98fc11f', '0x54a1e72853b388bde9c5a64a24ac08e3f49abbdfd19e643ca31b5bf45fec913a', '0x3ee3cf0e577e5a24ca123ec0c96f6fa21def3054cf35b39f4c79dfac71496a29', '0x684e7b2b904b5ed9fd12413202db218485e8576cfdd322fc999b6b0d01e35b6d', '0x57a82b495f57e91f5b0737f4bc63fb8d1e9edb15dba7cd45bf77bb344a9f589f', '0x5764e74c831898e19b0e43df9827430d795fc320d9b4dec127379b9dc2e6e3a8', '0x5783b8f3720b1bd783117363d872cd4851ad9f01b7a71707497fc3e2f73929f4', '0x73a34e7dba19b93fe8936c3f767ab692787880fa53be295965e0a339bfda57cd', '0x45f95e0fecff13334f89fb6c9755629745f811c0fbfc57dece8d1eecb10316b', '0x4c503b4ef3924edd5502850dfccc2100921395014cb0205d4e441f38c898b23e', '0x1fcfa759587f143139347eccdc4bc2d468412108a7d0cd60745044d45f919288', '0x6256f8dfc6299d69e58d6f2edfe351ca931e4a27823bab95e3372c18cb720d9b', '0x4e31d3300b4fbf3fcf894fe67b22cc727b3a0b5bff5dd1e2cee873297cf658b6', '0xd8ed9287df796dfc3ff9e71b5c801333e552b3352e54f3ad332a7b7f2c41c13', '0x26ba9900c427bea98a7e3bd7c8c7942277df218d6d7e5faa643ac4e5ef3125f4', '0x3fe9cf93adc1537d4384d08ea47105762664f3e473368862bfa5803ab2c44964', '0x27b16c3f99b4b8c82f8f835bc9d7e85cb4f9c26c7647749edc2859cd4742524e', '0x5164c455d7b9cdee701ad7a194a4717da41a0c15e633fff84af519f26e30123d', '0x197d8a6db2754868e21d0b934bc0d72829c4505ad89f97f8dc59e6abf3e666ff', '0x53c0007073ffb1301218c6713b31e17f2f9d74a1d5a79823c96572dbb49c0e13', '0x6cfb85cc4e9dc9f2b6fc670e3a97d11b16ed99b40ab10490f50d08def09bacdf', '0x33eed2e3f8f8a883d1ae23dfe25ca3dbd076ad6dd88d3daaeea4ac8548cc03e7']"
13,0x26dec421b3e82ddb2361570dc725aed5e0308710f7d63c63043d26eb1721de93,"['0x4c4b8f4c1f140c5b13ba01cbc9865ac54afacbd7b6fd5a3213dbdce6f01ee4', '0x26dec421b3e82ddb2361570dc725aed5e0308710f7d63c63043d26eb1721de93', '0x40cfd6325d04b3f2ac310f4b40ca34819de33af435495e6829df895f7ffb571b', '0x313b55287651b8eb3b592b7911cc32aab1077157e2f181573d8b622de22ee50f', '0x4fdc4a51463e03d6df9b26ecce01559119078e3bbfe6b0c9a92d959dafa22ac2', '0x31225c09c9e75cbe6f09128c145760f79514050bf31da291a46c334a30cf8277', '0x7767de5c6bd710614da6c1954a62de7db4ac49d2cb7eba4a2120d0b7d697995', '0x38eacd24a2694c1de5e9d1ca0b293da5380ad7e5e4e3d82428d6899632f23e96', '0x5a5e1d002d6b9dc63cf53dfda8ccdaffff0becbc26393963984685d15f1318c8', '0x237eccd9b6b86dd7e5f6cf498707771988aa134fca63ee678014e727feb52663', '0x2bcb9c8e5077f02f21f57297d8b5a432a39cc407ef20648af41b4b295d4ca312', '0x6b230f43067eee9ae25c072582f011a893b1bca2613990559fefa3d40c39485', '0x62d4485ab559830b63fb93c84fcb99f8af808b9167c1d6b2324cf97498ab6b2c', '0x11b7b17352c2e00fccc84e1e3016351bdd43a1b94a7275a7fd038d3a2b9035c1', '0x2e07be9379b06b8a9f7a955e71d6e2f88caec6b117793fe4c67f3d95a1be6b07', '0x779036ffc6ce2e1e40d9ea42a700531365d067f12fa97b86f4357b5af6f50c7', '0x67b7c376fd40411aba1d0b0bbb8ca5d4056b919bc04e05bc1f8b9ae8a8bbce2f', '0x695eae4d17c000e6f4bcffc56ac90df0a6f801022b144ee05ebe4a2c4ada667f', '0x712d8fca223a51eed6efe64669d964df84cde69281ca3a02383a8cd493a9a999', '0x2d03022cb8ae9b76240d9cbf7466917f609cbca9b9ea5554078f0d402be55725', '0x4ef70802d003be2599f89b4fc335a786f3642cf697730e9eafe9fcf7cac7ef3b', '0x459587494576402c2c80ac19b98a5d8dc3d245c6606f7229940514ed02b4be9', '0x4bb1f4065fd81889e8b0f9284ef92af29a7cff37a566b008e0df5fcd9b6668f', '0x6a468d362f70344ad9b7aaa3e710a5c50a97f9b3af4b24fdc0d396b207f8caad']"
14,0x57f594c88e6a917bfe28f5e4cdb78178a32463b80627752538196f25d01545ec,"['0x2dd67ea91e02bf6ceb3c05332a1826357d6feef1bf7354dd53e3a302af4b2558', '0x57f594c88e6a917bfe28f5e4cdb78178a32463b80627752538196f25d01545ec', '0x608f70c6c16c6ffbb5250ecede33de2581f2ad436d8cc4a2f528c3a66001735e', '0x710fb5614149abf7d9869dd75344672e5672855e9445df1fdca29e699e1da6ef', '0x31bf4b88e29afab7a150f13d59201e488384a31685257e079d3c2697010f243a', '0x39c0eaa89d13831647953a39bc07904daae738ecfbdf41b217fbbc9135c73dd4', '0x27fbef8867b378559fc120683d9ca9c1f474e5e092bf889bb5b335fdf81a96f7', '0x51fa15ebd78067114805234de1154243558b27020fd24d7bd1a250658e89b311', '0x44dfee3cba663e98f91601b4644e283123d9c42583a1d25a1570605d1175cd05', '0x5d4c9487359f47279fb94775069c23916873a22dd6721dd444217f78ec854beb', '0x227c74ff6a7db867b2cb0e6ae173c9278ec5248bf56b82c2827c236319d5ae2b', '0x2c5bb8371ee053d1eb4d9d6cc1dad348d3523326c6946cfd7df44191c18b010f', '0x542e28946ee48c80a87f3c89fb3edd09c80004987edaabdf6c471f6b461ac9ae', '0x5c21e5e6f6dbdece556c08fe56684fd3a8eb6afd118365e05fad2309cd43e67', '0x2555831a577d5e723ca09e358c9e46c13e28dfc8e97a0557c31d62e8e334fe2c', '0x6ee852fbe6c58a4bc9a169d1f861905cdd651f755eb2c83462ca11e9be03b793', '0x4de8bbce2b3477601215ac1530b04066b262ff38ba97971c05b0c1f0928781', '0x728c594b18d35d939c802cca9a9a549958ba3b11daa9aa52bc5daa772aaaa6c2', '0x6c5b4ad27561e10769a938179948ff480e4f7640cad3113d16ebed4b2064a487', '0x366f6aa4973b937967d85bfcf1c705c8d7c711a13f9b58452e9280c7b6c43b0a', '0x2f933ea1f3b227314679cc69c2ed8adc280f629cfea86e1ff96eed12ab9a938b', '0x27e554689023e31e29fa9fdebfcd75dd8816f9f64bae289538e031eb71d4aca9', '0x2d3a7574116a21ab71e8beb5aa2ec3542003f4135145d4ad4b7008d0f49a393e', '0x481841a81aa37ad0e60ff45371ca8b76bdd4142785be2b3fdf9e9bc7862872f2']"
15,0x579d8d8cc71485e43628bccdfcc0155389033ee936e0cb69acef2b3f26b8ec54,"['0x4f02458f9e62d3625a2f0c5f849739a356ed510b56623c9e3864f53e1b953dd2', '0x579d8d8cc71485e43628bccdfcc0155389033ee936e0cb69acef2b3f26b8ec54', '0x47366038e6f35c4265447abe31fb8884f5a8161c750ac859d743951cba529256', '0x2541fb742eb1c3a3bc7d774011038adb5914652171b63a5d797f82b7f76816c', '0x5bb11744188a9b66ce712c2252b994359c8e498e236dbd479f951ba033ab430c', '0x25873ba49c2edd6f2080051dccbf71a31f119b2cdaf1a4315b8c749fde73b16', '0x1ac8391b5c0918fccfecb5c5b5bfd44bb15ce99a9bd388517b4366ab40768468', '0x5dbf4d358e6d34199a5cec414a2b0b2e14f3243c4e52e5741989f5f91d9e9e96', '0x60c37e6a74e9b9b8b5edd381bd97ce5721f20f0b4e17611d49bf0015829c4ec8', '0x441bc1afa7d14f2e24e1f841017d31817f8b8f1c2dc85329e3fa3d173a198837', '0x3767463c8ca078e9ade868edf441e6f4e198e8d57e31dab20fb39fd1d0cfc2ea', '0x52efe8f3fa17df0d9cb51a95c426264c7f6f67d3f2c7e6487a81985564b4fffc', '0x2841f618a108494905b94e90c6ca9a031a1b53f6e38bc46dec32369d49c4c7b8', '0x2e8cf4b92ea9ba7a04791f49005e88bbe283378a38a1db69f89f5c7ab2a040fa', '0x1ebbd185e9a14ac5061b08221484fd20892134915f4f1ee78127413e935480ca', '0x4a62161e1f880fc59a090b6670e9d4b61d2bac36cb87361404e1198c62be9205', '0x47f9c4c3006fd0c421a0b4ff78ddac12ae99d59008c27d95fd7e72c8fccb6f6d', '0x52ccdb05dd72c978c8c7a711d997f285c12640934571069fd17307560f5e6875', '0x16cd65e9adf4639e843dea2f9283c3c5e13d8190fffede4209b9fe018cc7c7b9', '0x8ae45b976672b64f61ae5ea9fb1fe29e2076927120136b8ae7ebef418905825', '0x2e3344fac69f0120085afecda6a96aebb15422e17e0be55e81aaf1c797bcad4', '0x53a4ed62f3ab5fb4e2eaf651e48c8f9c4081a6b66fb826e9ca515dc21a68b7a2', '0x39ed34a60c4f6b34fd24ac6732b1672612141a154ae491c776d044581e59d1d9', '0x2a1a4dbc8e6855b68e23022dc7397a2735104eb618161545a0311bdeec30f028']"
16,0x12f95b8d1121c4dc6ebbd6594b44fd47ed87e76c36057634f72cf86b211a325e,"['0x42518fbe857ddbaadbe8194bd4cd4f5e437622dc8d802e4ed3454615a8ecfeb0', '0x12f95b8d1121c4dc6ebbd6594b44fd47ed87e76c36057634f72cf86b211a325e', '0x333783746789a2acda65c33e2d23a18f028003ac60a5f08f74706787670ffdc5', '0x2220b4f55b87795c2a83a51132038ffcc6be91e6ad09642903498800e65606c4', '0x38c9d75851738ccdaff8746c66b236cffea7d9ec237a8e8c2785e6d9ef075f5a', '0x21837458c6609e018703c4179c8a32a3ef830f46f968012115693ed416d64a19', '0x756238df3e9ac8dd521ae2e796d4019b08abeb6ac89658dc295bc7c647fa888', '0x418680bb51a7d6b07ba7735d2bb05d93f75c5eb95db362481822a83779056830', '0x4e33bd69ecb6d4e36ff0657c45eb97436c1b4dd3c58a407d39ce6c745b6aec86', '0x1890a8fa378f6b0ab8e2eb860458c1241f53871416be8c021f663a3c6c983905', '0x19084a78b21dc80a1d52d8b6d7bd1bcd307aad20f4f7e87e49d391138c7498e8', '0x2806daeebb90a47b8c078fc77b36f8532562521676beaaf738dd90d3f4b26fbe', '0x3cb2e618af321c9df83c923982c5386b3d60291184e072e17444a81f21275c9d', '0x5892ae3b4278ab5892fbe80064bcc1fb1df47545907b569a1e7c862f5556d7c4', '0x7009b49852d71dc64d849eca9bb56214f546f2718193c86d4b4e8c76f434e435', '0x591565f85fe1e1268861140eaba356386650ff02cb79a8b2aae9549c61cde327', '0x67a73483f5ee84063cff7cb168273bcdcf28defbf7bdaba2233826fb6bbfb7b7', '0x62ff364302096b46f7eb3c877a07f37d742c93b3b2e48f7904676aeef7970617', '0x10f30c049b44770fac3762a2ba561f0e9d48408b578198a660f6d2c93ad148d', '0x100770fd19d0dd4db7d31b81ce38a13d17a102176f2287c453ef4596a6ad0376', '0x485d691b722c1c0521c23115b4462841a787ba926199feb14110393c607ac02a', '0x559caec71aed2134729ab669c1b6e615f8b0753c78568c1aeb42887503493df', '0x20854f4b8614936b66cce0151fe6f3778510d2282b00edc519b7488de5f109d5', '0x1a93bb07bdc1509899f33a16ffb636907dc56cc7553c63917f729220f4721963']"
17,0x398ac14e3d9a665cef44ce11f093d16fb5e013e895e1ee4db5c8e8956395493a,"['0x30681a0930cdc2295107386dbe82fea226180c903503ebc6ae1469fa3739a01a', '0x398ac14e3d9a665cef44ce11f093d16fb5e013e895e1ee4db5c8e8956395493a', '0x206ef0baa0f9b95d8728ff4101432de3ff0d5ef8aed0d39cf08aeb7a2a3525b0', '0x4c71d3c2812ee2d3b292f689ceb1f95bc1d1e444e220bf03d2ce29a1f5181a55', '0x2d2ae447adc924eac5c9a852fc34aa3c7235973dd1a2c203c8d300e927815aef', '0x473822340b834f3360dbef763231883f8c3242eac699aef5b78cf75c50994051', '0x5b5a0e791b9148500e57ed4c1e906093bcb9bca3da13267b01632a2225dd8962', '0x4637fc14f3b9d5cf9975bc0bbc3cd64e80888051496b93d16a6434a48d6877a8', '0x254e70ede2cffef1fd5772ca9a8ab8fb0f5e1e3562337266847a9d9c21bb382d', '0x5f4b8991f7628d22e72e4710474d365f5418a430b5e22956b283b2748deecc9a', '0x5faac8ef287ddeb84322a26512dc98459918320537fead1837f233a855526b51', '0x64bd505caa6b7538d70f502ba62b15e237c9368897caf644ad47d3511d16b6e8', '0xc1f51554f0973d78305d425de1a2476ed3d0af36c7633484b3bef59965f5e2b', '0x60918b4cb9f2c8ef0bd7e199c1113637e936a4258d5c37e1344744933e67cace', '0x4c42e8394e7693430cb3b345af2d706f5d13ac6b9b9289943584c0c335d83d76', '0x569806f123d290c62274a0a63f577fd81480fcf30485fe3926b521e0e8366f25', '0x1f0d1db7827d431048e1dd5f70360a94f0b3ec1a97b65df1ddc6fc8573f71be3', '0xe17122bc362acb4c6db5ba4971f43e903f720e38ff5e83ab300f9034bfcc01e', '0xbecde403dcecc85fa5840b4e7eed1e96e126191ce0884bcb804135c7ec74c2d', '0x129df001b313526b81827e32df38e8a3d6368e44925d3d733e78ef619e2afa95', '0x5411f5af9bfaec134468c0fe868a222589cceddb49514a25769495cdfdeb450b', '0x26aefc1703496b6ce90152576133bda41dcf083b4a29a034965820a20318db26', '0x189acc380cec5b6b46b74e9b1067baabe771013280666c64f706b989d08b0ddf', '0x26a2397bda4887f762ea69f0adf89504e8d190184193ef5d6de34add52b569fb']"
18,0x2e6ac285b9f129d6d3816a31cd4ebf167d274b565e75b4e735c9369ff99267fc,"['0x5dc295a8e2447d3a1fe081bb3e5a3b248797c7a3d3f9cee0f938ad7560bcf6eb', '0x2e6ac285b9f129d6d3816a31cd4ebf167d274b565e75b4e735c9369ff99267fc', '0x406a6c5a433b0a4a25c4dba022484bb05bdcc2533ca6192b5ebaa4c720ee8675', '0x3d0eb011988a760f4190166266e94b8cec1e6c54234b89b0afc0e8d6850dae4b', '0x1d40e1c7d0567d70c65bcc5a99a0ce08623b680c57e9fcc8ec3575c64af45ba0', '0x1945011baf5b1bb34b0e242f4587f409dd97d1e6c81a738885b19f60fa906878', '0x278d36b15c46c63f7bc114767aea264dcb71b2b969434ad7b01e27fee36769b7', '0x32e1596ea324399bba9c47580b3c0b7bd167d87405af96d325e798065b897b1e', '0x13e5a70590ae3b2f710ef0de2fbf8786e400814ea91f47dbeeac59cf8dbcfdb2', '0x6921638780a781bf9c5855560df72346fcf4e49e4d62c2d9c31fdded6c21527c', '0x176c3f116a05c57d63be8ea3dec3d5bdf8c21e14b14afe4e324454342aabcf2a', '0x292d56a87325450847f0b4738cfb06a11e7aba1cf5b0eb8905f7273022ab7d66', '0x3879711ea45e7578c5168e7ec7d966eb2252a2197e83d35090c9a38661524218', '0x22c3fefa232929ce7540a068cd1b09b369407b75c58bec1af68d95fff79d5f8', '0x6405eafd7bb35f62679c1fc5a6f6a9848935b26f70007a7b201f22b22c9be414', '0x6a579abb853d16dc4cde1e1b3dc4e8aba86adc2cc059a908b03b8a40041be642', '0x5d732e533c3ecaa9b65c4ad2181671315cab9cc09944ddb4e1fba3efad2b30a4', '0xcc57670ef459ef2672b286d6b1b0f9406360af5b95a8bb71308f1ac5edbdb5', '0x625bcb3b6fa7f0f941b9bac852f1edb924241b943dc4fed19a2cb067266d3a9c', '0x4dbbbe3e41f35fcfb4eefa2e5e0b06bb54d5f2be1421ce9c54fbdd5166bc93e5', '0x5cbb7bc9178315f5385c6593f8fdb9e91e59791106b97d718f77b210aebed16c', '0x15d91d48537fec28d1fb36ad6cffa9887cc92a5c84732e8f00d6001f00fa118e', '0x15808a8497150997c154f9a12ee16a730523521b2290451994d9edc27baae4ba', '0x435414fa0f92126e382ad001715b2b0256924679fc072a1eac60f409e3cb86e3']"
19,0x6b80f4a958e193f5aa4cfe17ef1a69c1246c212257b67a300d6d753ba733d67c,"['0x20439244bf8e9cbacfe3aa38a7d9bb216495a2ae7b35c1427fa1ad535ddbbf1', '0x6b80f4a958e193f5aa4cfe17ef1a69c1246c212257b67a300d6d753ba733d67c', '0x1b2721c012a9799a2f7520a4b15ed3de44c98deeba393415d0d9f1b0d09c91e3', '0x283e5767d406c40f368c042fe032284f872fd1a38dafb31a33a66cd7e54b5961', '0x3f940f10a5f99f9c3daec481ef89db45a517bb3586826d934b46478b489aa3af', '0x58703086f6b29d39955a295954e4c207aabb2094fc9098f74979a3f82b80981', '0x61be108c92f50da10753a0abb5c2ec55765cc1fd9b2bfaa3e5affa7fd3f5cede', '0x6deaed4af4ce19680304d935b11cbecfa5b71cd45d8b2d822c83cbe0bf60d125', '0x326becd67b8ee14f734e53cc72e72856aec95f99806c97f104e265727e9c9418', '0x46b84684ef7ef6a1475e853d63b4e35e5d580f4f359bece7dbf45623772f6d76', '0x4eedec6bd43ee6f33ef332d8d37028985f67c4cf67524be1c1e51f3f85e71ebd', '0x378d711989d7122b8888e04036a82d77e4291a2a82cdc6b34985374c7989b98c', '0x26bec76c2f2284407be741a295a9bc1f6613c0a903b214277e7150af0714d3b3', '0x46a85f838b51b82b8c49c0d653b8175501c10e158bab323b83a47b9c1b3fe285', '0xf827661c2e31ed2c9d97240c07f9bedf44a09bf7bdc31dc7166bb16f5f2d8ce', '0x56f45b3022fa4e2b5ceecaea661cd40a1880ef8aacefb2e20ea9d7fea61d20d5', '0x23b311bd1bafa316b6ea7db1872f1f83af2f9d2e7efb48f9eac766c02d1e9235', '0x279453a2dd3ba58e3e1bd64ebc158746d91dd1c83ed15fb6a026229511f9d6ec', '0xb8d376f545f353b0a33f3bf2add7bffb854e0d8b1d8d7b3fbfeab0228a8585a', '0x6b12b2b47d7e07d1d62638feb6be6d67423a2121bbccfb4a72bee3f346ead73d', '0x30aa2a9efba7973d0496bb84e3919f2c8164fefa91efb379102dad324a593aa1', '0xef7df179c51e978b0e5e79ef02eb226968a426f7851fc0dfe84a8c6e917dbc6', '0x68337ba87c5cd0d272a0934d8dde42b5646c174727d3891e3378a08d16418a41', '0x3b600a83ea2ab51e15d6892b3d84309a847499677e4785228ea27c2c46dd782c']"
20,0x1d0317dbf8e10f7ad26c8a2296a871083de1bed1a10dcf7a9815fe90cc52ffdd,"['0x1c2b919639ba39c4c274700b221089f709f1d2a682dc13541ada37a63266833d', '0x1d0317dbf8e10f7ad26c8a2296a871083de1bed1a10dcf7a9815fe90cc52ffdd', '0x570c5199f19471717c2a9292f854e84900a779ea3a00eb92f5a8496f7932e077', '0x5c51d9025dcc14d3b797be61a675c61c2d1a118db2289bdbf5a636326a71970f', '0x2e59d3aa187631c11456791d2a81920ee386ab902da87e081cdd870bb2b68f3c', '0x12375bb0ba3ccf9a4d4610770bbdb8ee9436b5c1ba56ebccf723b17142c16670', '0x379e6a0ed3d74badda2ded00ac2f7c9bea7e739ac5472a1eeaeeb449c010a5a6', '0x4cfc4051d0ccb5daf7df9e80094ecb86d3ba0ad839b07dc0236a8c9c42917ce2', '0x7a17ac1d72855ae2d339cfb4ec512626a79cfd5790c983bec2b8d421fb8f1e5', '0x683f09a078d573081407cbca1f9da30a2613ce8c32a3534faef04bbf92676b63', '0x44dd786c17409bb2613f16e4b6e24daefe67b3e7d3e5125f27532023ddd8d193', '0x3fdb7317931fe5f3d77b081ee94e99c9ba943e0c5a769483a015e24cc24c4991', '0x3660e72052d684316d304cf707585997b52e77cbe86270f2717e34bf3539bca3', '0x25929d5d889d17c62f4425f7af611512fe5fe8eb2a49fd8a5edba36ae4afe56d', '0x70576534aeb22c43ec5319ca460e8f092bd7553a3f6137266b802690bf228d22', '0x2421a769f9405396bc1924df710593abbc3dfcfa0c69897e5a3fcd4f739b6893', '0x55ee1698184464e162385bca0e98106ff9059a29f1e3e8f1870af636ef21a3ee', '0x98b4a9472f20e8bb607cac2a7a9163d18021caab70751e4d5d97d85aa5f83cf', '0x197e46a9366544f15812f172f99be5f51aa76070077bce8569cab300010ad8fc', '0x88dbab3220738a43c83384d04edf67868891ba750411432e8c8c9f2f994aeaa', '0x390c0499da862d0e316aabd0d5c1f54160f6b7f3c3c4a3820920023de0565ea', '0x48b1bb78efafac2b6ab13050851b277e8ba3adb72ee3ceed3d0a29d5d6f30612', '0xc40e8e69f896c2db4b8c706f564d7dcaf93d9065378955b75748c00d3031938', '0x5ef9c0bc4754eda5d9f6230b6b1445d99fa5648aabd51236c1cf70848a1f98d0']"
